unix_ts,block_ts,tc_address,transaction,tc_withdrawal_recipient,tc_relayer_address,tc_recipient_freq,tc_fee_eth,tx_from,tx_to,transaction_value,trace_value_eth,tx_type,nonce,mana_ratio,round_mana_ratio,mana,mana_price,mana_used,max_fee_per_mana,max_prio_per_mana
1750261739,2025-06-18T15:48:59.000,0xa160cdab225685da1d56aa342ad8841c3b53f291,0xff544e2400d1befeff49b15e696f6a42fe9ec9cb532a79c35c95e1febee714f4,0x9c2f0b8304e2e190711475b570caa0d139990ed5,0xda0b76cc92e94a6f972ed29c104bbe8d73c2f753,2,0.39266389542705,0x4af043aca08bbe1fa2ac78eb205ea353327aa5ce,0xd90e2f925da726b50c4ed8d0fb90ad053324f31b,0,99.60733610457295,0,704,63.169,63.2,687500,4903056306,434288,null,null
1750261739,2025-06-18T15:48:59.000,0xa160cdab225685da1d56aa342ad8841c3b53f291,0xff544e2400d1befeff49b15e696f6a42fe9ec9cb532a79c35c95e1febee714f4,0x9c2f0b8304e2e190711475b570caa0d139990ed5,0xda0b76cc92e94a6f972ed29c104bbe8d73c2f753,2,0.39266389542705,0x4af043aca08bbe1fa2ac78eb205ea353327aa5ce,0xd90e2f925da726b50c4ed8d0fb90ad053324f31b,0,0.39266389542705,0,704,63.169,63.2,687500,4903056306,434288,null,null
1750259063,2025-06-18T15:04:23.000,0xa160cdab225685da1d56aa342ad8841c3b53f291,0x771b04cfa6793aa0003edb7680f783e248bc443166449adafbbc1c6f30800d17,0x0e40348d18c1a292207f2f308ce405bfe9d47480,0xda0b76cc92e94a6f972ed29c104bbe8d73c2f753,2,0.3934214184279,0x4af043aca08bbe1fa2ac78eb205ea353327aa5ce,0xd90e2f925da726b50c4ed8d0fb90ad053324f31b,0,99.6065785815721,0,702,63.172,63.2,687500,6193420199,434312,null,null
1750259063,2025-06-18T15:04:23.000,0xa160cdab225685da1d56aa342ad8841c3b53f291,0x771b04cfa6793aa0003edb7680f783e248bc443166449adafbbc1c6f30800d17,0x0e40348d18c1a292207f2f308ce405bfe9d47480,0xda0b76cc92e94a6f972ed29c104bbe8d73c2f753,2,0.3934214184279,0x4af043aca08bbe1fa2ac78eb205ea353327aa5ce,0xd90e2f925da726b50c4ed8d0fb90ad053324f31b,0,0.3934214184279,0,702,63.172,63.2,687500,6193420199,434312,null,null
1750250591,2025-06-18T12:43:11.000,0xa160cdab225685da1d56aa342ad8841c3b53f291,0x3f198d27fd9e5128e9c9204057ec7946654c6cd3632693155c3d84ddca54df0f,0x126a9523774a632b23932afb05c8507d261a5b1a,0x94596b6a626392f5d972d6cc4d929a42c2f0008c,2,0.39211830871505,0x03392600086874456e08d2bac104380bcdebcfc0,0xd90e2f925da726b50c4ed8d0fb90ad053324f31b,0,99.60788169128494,0,1545,63.17,63.2,687500,3882531220,434300,null,null
1750250591,2025-06-18T12:43:11.000,0xa160cdab225685da1d56aa342ad8841c3b53f291,0x3f198d27fd9e5128e9c9204057ec7946654c6cd3632693155c3d84ddca54df0f,0x126a9523774a632b23932afb05c8507d261a5b1a,0x94596b6a626392f5d972d6cc4d929a42c2f0008c,2,0.39211830871505,0x03392600086874456e08d2bac104380bcdebcfc0,0xd90e2f925da726b50c4ed8d0fb90ad053324f31b,0,0.39211830871505,0,1545,63.17,63.2,687500,3882531220,434300,null,null
1750243847,2025-06-18T10:50:47.000,0xa160cdab225685da1d56aa342ad8841c3b53f291,0x480cd8c9f0e48f95037038c5b0dfb1c84b2c4c35368b22dafbcd6832d97baf13,0x2e05618032b49939132f626ceb0401c30550c612,0x0381deee9bbcd701d022b47c81f5b0079f48d38c,2,0.39226737064125,0xd0b9b6674b77befd88884d2bdeea979c023938e8,0xd90e2f925da726b50c4ed8d0fb90ad053324f31b,0,99.60773262935875,0,128,63.17,63.2,687500,4099010061,434300,null,null
1750243847,2025-06-18T10:50:47.000,0xa160cdab225685da1d56aa342ad8841c3b53f291,0x480cd8c9f0e48f95037038c5b0dfb1c84b2c4c35368b22dafbcd6832d97baf13,0x2e05618032b49939132f626ceb0401c30550c612,0x0381deee9bbcd701d022b47c81f5b0079f48d38c,2,0.39226737064125,0xd0b9b6674b77befd88884d2bdeea979c023938e8,0xd90e2f925da726b50c4ed8d0fb90ad053324f31b,0,0.39226737064125,0,128,63.17,63.2,687500,4099010061,434300,null,null
1750239491,2025-06-18T09:38:11.000,0xa160cdab225685da1d56aa342ad8841c3b53f291,0x9b9b311bd453a3f12fed18d0327d046759f372a13179e4965ef50ba4303f0074,0x5df0219e715f8ee069332936f1f7c23b148ff0a5,0x0000000000000000000000000000000000000000,3,0,0x5df0219e715f8ee069332936f1f7c23b148ff0a5,0xd90e2f925da726b50c4ed8d0fb90ad053324f31b,0,100,2,2,82.255,82.3,424326,3556898261,349031,3580689745,3000000000
1750239431,2025-06-18T09:37:11.000,0xa160cdab225685da1d56aa342ad8841c3b53f291,0xdd983ecf7cdb5124defb94c1c2487c0d10f75d1cac9aface171c921848a70f09,0x5df0219e715f8ee069332936f1f7c23b148ff0a5,0x0000000000000000000000000000000000000000,3,0,0x5df0219e715f8ee069332936f1f7c23b148ff0a5,0xd90e2f925da726b50c4ed8d0fb90ad053324f31b,0,100,2,1,82.255,82.3,424383,3542552628,349079,3542552628,3000000000
1750239371,2025-06-18T09:36:11.000,0xa160cdab225685da1d56aa342ad8841c3b53f291,0xdb4348cce8c43058ed5c358c10a165fa7090f319ac9abc87cd3875807e7f54c7,0x5df0219e715f8ee069332936f1f7c23b148ff0a5,0x0000000000000000000000000000000000000000,3,0,0x5df0219e715f8ee069332936f1f7c23b148ff0a5,0xd90e2f925da726b50c4ed8d0fb90ad053324f31b,0,100,2,0,82.255,82.3,424354,3543380541,349055,3548405812,3000000000
1750212587,2025-06-18T02:09:47.000,0xa160cdab225685da1d56aa342ad8841c3b53f291,0x8ddc4920fd1c115336df75bb24ca4de163873276c6aa16421a8c72345d5fb0ac,0x622a42a0ffe8271f44047000631e0dc413e275f7,0xda0b76cc92e94a6f972ed29c104bbe8d73c2f753,2,0.3919970548323,0x4af043aca08bbe1fa2ac78eb205ea353327aa5ce,0xd90e2f925da726b50c4ed8d0fb90ad053324f31b,0,99.6080029451677,0,694,63.17,63.2,687500,3625423748,434300,null,null
1750212587,2025-06-18T02:09:47.000,0xa160cdab225685da1d56aa342ad8841c3b53f291,0x8ddc4920fd1c115336df75bb24ca4de163873276c6aa16421a8c72345d5fb0ac,0x622a42a0ffe8271f44047000631e0dc413e275f7,0xda0b76cc92e94a6f972ed29c104bbe8d73c2f753,2,0.3919970548323,0x4af043aca08bbe1fa2ac78eb205ea353327aa5ce,0xd90e2f925da726b50c4ed8d0fb90ad053324f31b,0,0.3919970548323,0,694,63.17,63.2,687500,3625423748,434300,null,null
1750212407,2025-06-18T02:06:47.000,0xa160cdab225685da1d56aa342ad8841c3b53f291,0x8e0babeaac5f9ee39042188995f3f3643457e916017a7afe8558eedbeda9508e,0x96d75e644ebfaac2da03b73b6402c9f55f7116a2,0x000000cd6521ed1a65fae0678ea15af4eead74fe,2,0.43200638920184997,0x000000cd6521ed1a65fae0678ea15af4eead74fe,0xd90e2f925da726b50c4ed8d0fb90ad053324f31b,0,99.56799361079815,2,3535,62.805,62.8,687500,1604150022,431788,1604150022,1000000000
1750212407,2025-06-18T02:06:47.000,0xa160cdab225685da1d56aa342ad8841c3b53f291,0x8e0babeaac5f9ee39042188995f3f3643457e916017a7afe8558eedbeda9508e,0x96d75e644ebfaac2da03b73b6402c9f55f7116a2,0x000000cd6521ed1a65fae0678ea15af4eead74fe,2,0.43200638920184997,0x000000cd6521ed1a65fae0678ea15af4eead74fe,0xd90e2f925da726b50c4ed8d0fb90ad053324f31b,0,0.43200638920184997,2,3535,62.805,62.8,687500,1604150022,431788,1604150022,1000000000
1750212311,2025-06-18T02:05:11.000,0xa160cdab225685da1d56aa342ad8841c3b53f291,0x7afd0d1e0d600758090a360a30e5b9dce41f67a365641f240aae8409a36fbf6d,0xa817ac32d6934a866ff6bd23dac28f68b799e855,0x000000cd6521ed1a65fae0678ea15af4eead74fe,2,0.4320089595372,0x000000cd6521ed1a65fae0678ea15af4eead74fe,0xd90e2f925da726b50c4ed8d0fb90ad053324f31b,0,0.4320089595372,2,3534,62.8,62.8,687500,1636534722,431752,1636534722,1000000000
1750212311,2025-06-18T02:05:11.000,0xa160cdab225685da1d56aa342ad8841c3b53f291,0x7afd0d1e0d600758090a360a30e5b9dce41f67a365641f240aae8409a36fbf6d,0xa817ac32d6934a866ff6bd23dac28f68b799e855,0x000000cd6521ed1a65fae0678ea15af4eead74fe,2,0.4320089595372,0x000000cd6521ed1a65fae0678ea15af4eead74fe,0xd90e2f925da726b50c4ed8d0fb90ad053324f31b,0,99.5679910404628,2,3534,62.8,62.8,687500,1636534722,431752,1636534722,1000000000
1750182767,2025-06-17T17:52:47.000,0xa160cdab225685da1d56aa342ad8841c3b53f291,0x19bd99d9980e743e2830f7314e05c2d92fc0db2b3b13139c5ab759c9e592d567,0x0c3ec6f718bc93bc5dbfed2aa266ba19409d0d4d,0xf0bf3c1d67afa6c48b9b5d1bc7e3f0b87f2b80dd,2,0.40310744587615,0xf0bf3c1d67afa6c48b9b5d1bc7e3f0b87f2b80dd,0xd90e2f925da726b50c4ed8d0fb90ad053324f31b,0,0.40310744587615,0,321,62.81,62.8,687500,5787849319,431824,null,null
1750182767,2025-06-17T17:52:47.000,0xa160cdab225685da1d56aa342ad8841c3b53f291,0x19bd99d9980e743e2830f7314e05c2d92fc0db2b3b13139c5ab759c9e592d567,0x0c3ec6f718bc93bc5dbfed2aa266ba19409d0d4d,0xf0bf3c1d67afa6c48b9b5d1bc7e3f0b87f2b80dd,2,0.40310744587615,0xf0bf3c1d67afa6c48b9b5d1bc7e3f0b87f2b80dd,0xd90e2f925da726b50c4ed8d0fb90ad053324f31b,0,99.59689255412385,0,321,62.81,62.8,687500,5787849319,431824,null,null
1750182371,2025-06-17T17:46:11.000,0xa160cdab225685da1d56aa342ad8841c3b53f291,0x57b2cd48b134d40f04a56fdecc404c4c71abe9307abce360758e838711bbab23,0x2525d53e77d18ffa69d5e2a5e4a51536fd4e225e,0xc0f12799b8d3fa8810dfe1616095170c72117f8f,4,0.403164008925,0xc0f12799b8d3fa8810dfe1616095170c72117f8f,0xd90e2f925da726b50c4ed8d0fb90ad053324f31b,0,99.596835991075,0,336,59.17,59.2,687500,5638214934,406800,null,null
1750182371,2025-06-17T17:46:11.000,0xa160cdab225685da1d56aa342ad8841c3b53f291,0x57b2cd48b134d40f04a56fdecc404c4c71abe9307abce360758e838711bbab23,0x2525d53e77d18ffa69d5e2a5e4a51536fd4e225e,0xc0f12799b8d3fa8810dfe1616095170c72117f8f,4,0.403164008925,0xc0f12799b8d3fa8810dfe1616095170c72117f8f,0xd90e2f925da726b50c4ed8d0fb90ad053324f31b,0,0.403164008925,0,336,59.17,59.2,687500,5638214934,406800,null,null
1750181591,2025-06-17T17:33:11.000,0xa160cdab225685da1d56aa342ad8841c3b53f291,0x5321f078d03b3ff7cd1a5f2fa5ee2a79cee297679b8cc6617c441eee83a47422,0x2525d53e77d18ffa69d5e2a5e4a51536fd4e225e,0x5555555731006f71f121144534ca7c8799f66aa3,4,0.43369540231335,0x5555555731006f71f121144534ca7c8799f66aa3,0xd90e2f925da726b50c4ed8d0fb90ad053324f31b,0,99.56630459768665,2,3874,62.809,62.8,687500,4283716463,431812,4359696137,1000000000
1750181591,2025-06-17T17:33:11.000,0xa160cdab225685da1d56aa342ad8841c3b53f291,0x5321f078d03b3ff7cd1a5f2fa5ee2a79cee297679b8cc6617c441eee83a47422,0x2525d53e77d18ffa69d5e2a5e4a51536fd4e225e,0x5555555731006f71f121144534ca7c8799f66aa3,4,0.43369540231335,0x5555555731006f71f121144534ca7c8799f66aa3,0xd90e2f925da726b50c4ed8d0fb90ad053324f31b,0,0.43369540231335,2,3874,62.809,62.8,687500,4283716463,431812,4359696137,1000000000
1750165415,2025-06-17T13:03:35.000,0xa160cdab225685da1d56aa342ad8841c3b53f291,0xefd2649d315800a86fe36e3620e4e3aedeb2004bbb357957c6228fffc8ae6229,0x87d9315a35bfccc23907b304d77b2181b3ab4ee4,0x2bce45670cba81658e45c132f0b4eaba97a7fbba,2,0.4325715451322,0x2bce45670cba81658e45c132f0b4eaba97a7fbba,0xd90e2f925da726b50c4ed8d0fb90ad053324f31b,0,99.5674284548678,0,159,62.807,62.8,687500,4639483579,431800,null,null
1750165415,2025-06-17T13:03:35.000,0xa160cdab225685da1d56aa342ad8841c3b53f291,0xefd2649d315800a86fe36e3620e4e3aedeb2004bbb357957c6228fffc8ae6229,0x87d9315a35bfccc23907b304d77b2181b3ab4ee4,0x2bce45670cba81658e45c132f0b4eaba97a7fbba,2,0.4325715451322,0x2bce45670cba81658e45c132f0b4eaba97a7fbba,0xd90e2f925da726b50c4ed8d0fb90ad053324f31b,0,0.4325715451322,0,159,62.807,62.8,687500,4639483579,431800,null,null
1750165223,2025-06-17T13:00:23.000,0xa160cdab225685da1d56aa342ad8841c3b53f291,0x58512ff2f545eb446b5f4b0bca38d6b4731403f3004bcd2d8cf1ee309ac58759,0x20e1c3105fceaa3aaf97a5e8b5c381db7d1b3449,0x3a1d526d09b7e59fd88de4726f68a8246ddc2742,2,0.4025486154419,0x3a1d526d09b7e59fd88de4726f68a8246ddc2742,0xd90e2f925da726b50c4ed8d0fb90ad053324f31b,0,99.5974513845581,0,6659,62.809,62.8,687500,4639279668,431812,null,null
1750165223,2025-06-17T13:00:23.000,0xa160cdab225685da1d56aa342ad8841c3b53f291,0x58512ff2f545eb446b5f4b0bca38d6b4731403f3004bcd2d8cf1ee309ac58759,0x20e1c3105fceaa3aaf97a5e8b5c381db7d1b3449,0x3a1d526d09b7e59fd88de4726f68a8246ddc2742,2,0.4025486154419,0x3a1d526d09b7e59fd88de4726f68a8246ddc2742,0xd90e2f925da726b50c4ed8d0fb90ad053324f31b,0,0.4025486154419,0,6659,62.809,62.8,687500,4639279668,431812,null,null
1750161839,2025-06-17T12:03:59.000,0xa160cdab225685da1d56aa342ad8841c3b53f291,0x5d46345ff50e94a8a178d9ba287fcb970902b4ca58599d5ba8f7c31dd27666c1,0xfc8b0e9cb0463356e57b77be915dc1dfb9d59320,0xfc8b0e9cb0463356e57b77be915dc1dfb9d59320,1,0,0x2df384606d324ead54f7c352a60a401c8063c0ca,0xd90e2f925da726b50c4ed8d0fb90ad053324f31b,0,100,2,2,64.398,64.4,585136,4469540110,376819,4469716742,3000000000
1750161599,2025-06-17T11:59:59.000,0xa160cdab225685da1d56aa342ad8841c3b53f291,0xacdf4a065e035a7f58bb8a42fbf89f9d5f6bfbe12d64dd88f08a3b69809e9c96,0x7c3757b89966851f914fc2bad9a6e85a464eb88a,0x7c3757b89966851f914fc2bad9a6e85a464eb88a,1,0,0x2df384606d324ead54f7c352a60a401c8063c0ca,0xd90e2f925da726b50c4ed8d0fb90ad053324f31b,0,100,2,1,64.397,64.4,585124,4212920123,376807,4274914664,3000000000
1750161467,2025-06-17T11:57:47.000,0xa160cdab225685da1d56aa342ad8841c3b53f291,0x45a8238696099cd58ff86c063ac072711c09d95fc97a443d56e36a68dbeefe36,0xc3d511a807a383b5cf63a33ec376baf77dc88517,0xc3d511a807a383b5cf63a33ec376baf77dc88517,1,0,0x2df384606d324ead54f7c352a60a401c8063c0ca,0xd90e2f925da726b50c4ed8d0fb90ad053324f31b,0,100,2,0,64.398,64.4,585136,4162876236,376819,4244518363,3000000000
1750158899,2025-06-17T11:14:59.000,0xa160cdab225685da1d56aa342ad8841c3b53f291,0xbd48e1d88905ae2af636fc5808769c0de0dc48b2e682ac2996880030eb5cf97d,0x1c553fa5922c65be4b4cd0e3e080f84ca200bd11,0x1c553fa5922c65be4b4cd0e3e080f84ca200bd11,1,0,0xac6b7a619d09586e419f16342569ab23fb80b9c9,0xd90e2f925da726b50c4ed8d0fb90ad053324f31b,0,100,2,1,64.396,64.4,585100,4146425471,376783,4146425471,3000000000
1750158623,2025-06-17T11:10:23.000,0xa160cdab225685da1d56aa342ad8841c3b53f291,0x3c29e0766346a7c2c652de7c1aa1ebeb0e31c15d5105c88537f2afff5519019f,0x1f68db7c0c299f918b77ec0b014f604e088eaa1f,0x1f68db7c0c299f918b77ec0b014f604e088eaa1f,1,0,0xac6b7a619d09586e419f16342569ab23fb80b9c9,0xd90e2f925da726b50c4ed8d0fb90ad053324f31b,0,100,2,0,64.397,64.4,585112,3964178132,376795,3964178132,3000000000
1750145975,2025-06-17T07:39:35.000,0xa160cdab225685da1d56aa342ad8841c3b53f291,0x487edd3b1150936b9e8284908b3e2e2d5e7195e6cd3c7974ee9e91f1af249c9c,0x696143480d6489fe4002efdb97a2e0edee6f136b,0x94596b6a626392f5d972d6cc4d929a42c2f0008c,2,0.39184843004555003,0x03392600086874456e08d2bac104380bcdebcfc0,0xd90e2f925da726b50c4ed8d0fb90ad053324f31b,0,99.60815156995446,0,1537,63.172,63.2,687500,3351787787,434312,null,null
1750145975,2025-06-17T07:39:35.000,0xa160cdab225685da1d56aa342ad8841c3b53f291,0x487edd3b1150936b9e8284908b3e2e2d5e7195e6cd3c7974ee9e91f1af249c9c,0x696143480d6489fe4002efdb97a2e0edee6f136b,0x94596b6a626392f5d972d6cc4d929a42c2f0008c,2,0.39184843004555003,0x03392600086874456e08d2bac104380bcdebcfc0,0xd90e2f925da726b50c4ed8d0fb90ad053324f31b,0,0.39184843004555003,0,1537,63.172,63.2,687500,3351787787,434312,null,null
1750088003,2025-06-16T15:33:23.000,0xa160cdab225685da1d56aa342ad8841c3b53f291,0x3c0ff6ee7990c0d03a580ea369f3052ef154e515749e84a7c7ca30e7495eadc0,0x57c257bdb39645f092fa935be364137e0f49c2b7,0x0381deee9bbcd701d022b47c81f5b0079f48d38c,2,0.3931036431316,0xd0b9b6674b77befd88884d2bdeea979c023938e8,0xd90e2f925da726b50c4ed8d0fb90ad053324f31b,0,99.6068963568684,0,123,63.174,63.2,687500,5499346766,434324,null,null
1750088003,2025-06-16T15:33:23.000,0xa160cdab225685da1d56aa342ad8841c3b53f291,0x3c0ff6ee7990c0d03a580ea369f3052ef154e515749e84a7c7ca30e7495eadc0,0x57c257bdb39645f092fa935be364137e0f49c2b7,0x0381deee9bbcd701d022b47c81f5b0079f48d38c,2,0.3931036431316,0xd0b9b6674b77befd88884d2bdeea979c023938e8,0xd90e2f925da726b50c4ed8d0fb90ad053324f31b,0,0.3931036431316,0,123,63.174,63.2,687500,5499346766,434324,null,null
1750076315,2025-06-16T12:18:35.000,0xa160cdab225685da1d56aa342ad8841c3b53f291,0x31339fcbaa5dc07e6422a47caa44e833bf9f1a92fc078341271a85bf501ab6c3,0x5fb5c30f4b765839bce3fff26594f52975a473e2,0x94596b6a626392f5d972d6cc4d929a42c2f0008c,2,0.3923235396734,0x03392600086874456e08d2bac104380bcdebcfc0,0xd90e2f925da726b50c4ed8d0fb90ad053324f31b,0,99.6076764603266,0,1534,63.169,63.2,687500,4145783465,434288,null,null
1750076315,2025-06-16T12:18:35.000,0xa160cdab225685da1d56aa342ad8841c3b53f291,0x31339fcbaa5dc07e6422a47caa44e833bf9f1a92fc078341271a85bf501ab6c3,0x5fb5c30f4b765839bce3fff26594f52975a473e2,0x94596b6a626392f5d972d6cc4d929a42c2f0008c,2,0.3923235396734,0x03392600086874456e08d2bac104380bcdebcfc0,0xd90e2f925da726b50c4ed8d0fb90ad053324f31b,0,0.3923235396734,0,1534,63.169,63.2,687500,4145783465,434288,null,null
1750062647,2025-06-16T08:30:47.000,0xa160cdab225685da1d56aa342ad8841c3b53f291,0xf2c33e154c19d5c826020845a240a7367b430a45a3035151e135f38f739a6d9b,0xfacce621c08afd62136ba1ce124c549c4c914524,0x4750bcfcc340aa4b31be7e71fa072716d28c29c5,12,0.4321234862803,0x4750bcfcc340aa4b31be7e71fa072716d28c29c5,0xd90e2f925da726b50c4ed8d0fb90ad053324f31b,0,99.5678765137197,0,4253,59.172,59.2,687500,3924511754,406812,null,null
1750062647,2025-06-16T08:30:47.000,0xa160cdab225685da1d56aa342ad8841c3b53f291,0xf2c33e154c19d5c826020845a240a7367b430a45a3035151e135f38f739a6d9b,0xfacce621c08afd62136ba1ce124c549c4c914524,0x4750bcfcc340aa4b31be7e71fa072716d28c29c5,12,0.4321234862803,0x4750bcfcc340aa4b31be7e71fa072716d28c29c5,0xd90e2f925da726b50c4ed8d0fb90ad053324f31b,0,0.4321234862803,0,4253,59.172,59.2,687500,3924511754,406812,null,null
1750062539,2025-06-16T08:28:59.000,0xa160cdab225685da1d56aa342ad8841c3b53f291,0x34a07a2d9da1eee68df3a48d2ceb60448525a7d06e6d2e2986dcd7baca22ce61,0xfacce621c08afd62136ba1ce124c549c4c914524,0x4750bcfcc340aa4b31be7e71fa072716d28c29c5,12,0.4321089605658,0x4750bcfcc340aa4b31be7e71fa072716d28c29c5,0xd90e2f925da726b50c4ed8d0fb90ad053324f31b,0,0.4321089605658,0,4252,59.17,59.2,687500,3819423866,406800,null,null
1750062539,2025-06-16T08:28:59.000,0xa160cdab225685da1d56aa342ad8841c3b53f291,0x34a07a2d9da1eee68df3a48d2ceb60448525a7d06e6d2e2986dcd7baca22ce61,0xfacce621c08afd62136ba1ce124c549c4c914524,0x4750bcfcc340aa4b31be7e71fa072716d28c29c5,12,0.4321089605658,0x4750bcfcc340aa4b31be7e71fa072716d28c29c5,0xd90e2f925da726b50c4ed8d0fb90ad053324f31b,0,99.5678910394342,0,4252,59.17,59.2,687500,3819423866,406800,null,null
1750062455,2025-06-16T08:27:35.000,0xa160cdab225685da1d56aa342ad8841c3b53f291,0x5ee0ace642c89b66d256308979378dda4a29e2355c7323ffa1ab72f44e3e8fd4,0xfacce621c08afd62136ba1ce124c549c4c914524,0x4750bcfcc340aa4b31be7e71fa072716d28c29c5,12,0.43212064550664997,0x4750bcfcc340aa4b31be7e71fa072716d28c29c5,0xd90e2f925da726b50c4ed8d0fb90ad053324f31b,0,0.43212064550664997,0,4251,59.169,59.2,687500,3778773446,406788,null,null
1750062455,2025-06-16T08:27:35.000,0xa160cdab225685da1d56aa342ad8841c3b53f291,0x5ee0ace642c89b66d256308979378dda4a29e2355c7323ffa1ab72f44e3e8fd4,0xfacce621c08afd62136ba1ce124c549c4c914524,0x4750bcfcc340aa4b31be7e71fa072716d28c29c5,12,0.43212064550664997,0x4750bcfcc340aa4b31be7e71fa072716d28c29c5,0xd90e2f925da726b50c4ed8d0fb90ad053324f31b,0,99.56787935449336,0,4251,59.169,59.2,687500,3778773446,406788,null,null
1750062395,2025-06-16T08:26:35.000,0xa160cdab225685da1d56aa342ad8841c3b53f291,0xb33e97dd9a98df4c6fba1bc3c802291defe6608260b86f68cdee5d642025970f,0xfacce621c08afd62136ba1ce124c549c4c914524,0x4750bcfcc340aa4b31be7e71fa072716d28c29c5,12,0.43209926528515,0x4750bcfcc340aa4b31be7e71fa072716d28c29c5,0xd90e2f925da726b50c4ed8d0fb90ad053324f31b,0,0.43209926528515,0,4250,59.17,59.2,687500,3798989361,406800,null,null
1750062395,2025-06-16T08:26:35.000,0xa160cdab225685da1d56aa342ad8841c3b53f291,0xb33e97dd9a98df4c6fba1bc3c802291defe6608260b86f68cdee5d642025970f,0xfacce621c08afd62136ba1ce124c549c4c914524,0x4750bcfcc340aa4b31be7e71fa072716d28c29c5,12,0.43209926528515,0x4750bcfcc340aa4b31be7e71fa072716d28c29c5,0xd90e2f925da726b50c4ed8d0fb90ad053324f31b,0,99.56790073471485,0,4250,59.17,59.2,687500,3798989361,406800,null,null
1750062203,2025-06-16T08:23:23.000,0xa160cdab225685da1d56aa342ad8841c3b53f291,0xced2fa4642958835c17688c41219bd55841a50f4f2b0009e04aacce20d1d6110,0xfacce621c08afd62136ba1ce124c549c4c914524,0x4750bcfcc340aa4b31be7e71fa072716d28c29c5,12,0.43219409861165,0x4750bcfcc340aa4b31be7e71fa072716d28c29c5,0xd90e2f925da726b50c4ed8d0fb90ad053324f31b,0,0.43219409861165,0,4249,59.163,59.2,687500,4010954365,406752,null,null
1750062203,2025-06-16T08:23:23.000,0xa160cdab225685da1d56aa342ad8841c3b53f291,0xced2fa4642958835c17688c41219bd55841a50f4f2b0009e04aacce20d1d6110,0xfacce621c08afd62136ba1ce124c549c4c914524,0x4750bcfcc340aa4b31be7e71fa072716d28c29c5,12,0.43219409861165,0x4750bcfcc340aa4b31be7e71fa072716d28c29c5,0xd90e2f925da726b50c4ed8d0fb90ad053324f31b,0,99.56780590138835,0,4249,59.163,59.2,687500,4010954365,406752,null,null
1750061999,2025-06-16T08:19:59.000,0xa160cdab225685da1d56aa342ad8841c3b53f291,0xfd49644c0d7207d97935c6cbd8e39b3b6aa5dfb0bf55dad8de49287ad1844952,0xfacce621c08afd62136ba1ce124c549c4c914524,0x4750bcfcc340aa4b31be7e71fa072716d28c29c5,12,0.43216429837084996,0x4750bcfcc340aa4b31be7e71fa072716d28c29c5,0xd90e2f925da726b50c4ed8d0fb90ad053324f31b,0,99.56783570162916,0,4248,62.805,62.8,687500,3936205545,431788,null,null
1750061999,2025-06-16T08:19:59.000,0xa160cdab225685da1d56aa342ad8841c3b53f291,0xfd49644c0d7207d97935c6cbd8e39b3b6aa5dfb0bf55dad8de49287ad1844952,0xfacce621c08afd62136ba1ce124c549c4c914524,0x4750bcfcc340aa4b31be7e71fa072716d28c29c5,12,0.43216429837084996,0x4750bcfcc340aa4b31be7e71fa072716d28c29c5,0xd90e2f925da726b50c4ed8d0fb90ad053324f31b,0,0.43216429837084996,0,4248,62.805,62.8,687500,3936205545,431788,null,null
1750061075,2025-06-16T08:04:35.000,0xa160cdab225685da1d56aa342ad8841c3b53f291,0x6cbd47599e8b2f280337ae800d00ec6117ecfefae0751d48c55d8871c178f889,0xdca6c4d3a767520b9b8c60d3458c7fc1affa4b6f,0xf0bf3c1d67afa6c48b9b5d1bc7e3f0b87f2b80dd,2,0.4021318814638,0xf0bf3c1d67afa6c48b9b5d1bc7e3f0b87f2b80dd,0xd90e2f925da726b50c4ed8d0fb90ad053324f31b,0,99.5978681185362,0,309,62.807,62.8,687500,3936547152,431800,null,null
1750061075,2025-06-16T08:04:35.000,0xa160cdab225685da1d56aa342ad8841c3b53f291,0x6cbd47599e8b2f280337ae800d00ec6117ecfefae0751d48c55d8871c178f889,0xdca6c4d3a767520b9b8c60d3458c7fc1affa4b6f,0xf0bf3c1d67afa6c48b9b5d1bc7e3f0b87f2b80dd,2,0.4021318814638,0xf0bf3c1d67afa6c48b9b5d1bc7e3f0b87f2b80dd,0xd90e2f925da726b50c4ed8d0fb90ad053324f31b,0,0.4021318814638,0,309,62.807,62.8,687500,3936547152,431800,null,null
1750060319,2025-06-16T07:51:59.000,0xa160cdab225685da1d56aa342ad8841c3b53f291,0x3d7ab8c294ccc6fedafd80014f533aa77263f1ce09a82a107c78ecac361b4004,0x35004c94610e84f842c7ff95c26312dc9214f0c7,0xc6398b4e8b60720051ed33f5c5a692f9785f5580,2,0.40209818255790003,0xc6398b4e8b60720051ed33f5c5a692f9785f5580,0xd90e2f925da726b50c4ed8d0fb90ad053324f31b,0,99.59790181744211,0,471,59.165,59.2,687500,3582320142,406764,null,null
1750060319,2025-06-16T07:51:59.000,0xa160cdab225685da1d56aa342ad8841c3b53f291,0x3d7ab8c294ccc6fedafd80014f533aa77263f1ce09a82a107c78ecac361b4004,0x35004c94610e84f842c7ff95c26312dc9214f0c7,0xc6398b4e8b60720051ed33f5c5a692f9785f5580,2,0.40209818255790003,0xc6398b4e8b60720051ed33f5c5a692f9785f5580,0xd90e2f925da726b50c4ed8d0fb90ad053324f31b,0,0.40209818255790003,0,471,59.165,59.2,687500,3582320142,406764,null,null
1749997859,2025-06-15T14:30:59.000,0xa160cdab225685da1d56aa342ad8841c3b53f291,0x244b4fa14c1045099af13b750995f1e67e05d1dd221b87942a35b2c01793b0bb,0xaec6428121b79b49770ee01ea612430421f65201,0x0000000000000000000000000000000000000000,3,0,0xaec6428121b79b49770ee01ea612430421f65201,0xd90e2f925da726b50c4ed8d0fb90ad053324f31b,0,100,2,12,81.494,81.5,428318,3776223874,349055,3811067430,3000000000
1749997775,2025-06-15T14:29:35.000,0xa160cdab225685da1d56aa342ad8841c3b53f291,0x6a40afa2eeb095f648b9e529baa3851e84206239db2f661a47623d929a24b7d6,0xaec6428121b79b49770ee01ea612430421f65201,0x0000000000000000000000000000000000000000,3,0,0xaec6428121b79b49770ee01ea612430421f65201,0xd90e2f925da726b50c4ed8d0fb90ad053324f31b,0,100,2,11,81.494,81.5,428302,3762297083,349043,3841876878,3000000000
1749997727,2025-06-15T14:28:47.000,0xa160cdab225685da1d56aa342ad8841c3b53f291,0xa2f40c2e3545a800ad35e1b4e80dd5b60c4e41e5d27f8d4b55149d4953071738,0xaec6428121b79b49770ee01ea612430421f65201,0x0000000000000000000000000000000000000000,3,0,0xaec6428121b79b49770ee01ea612430421f65201,0xd90e2f925da726b50c4ed8d0fb90ad053324f31b,0,100,2,10,81.494,81.5,428318,3841028677,349055,3841028677,3000000000
1749959675,2025-06-15T03:54:35.000,0xa160cdab225685da1d56aa342ad8841c3b53f291,0xf305a777131dfcf666d14be183009c01ac7caf3fa74fd4589afe56cdcc8a83d9,0x82dd816882e584867381342d4d164ae031273141,0x5555555731006f71f121144534ca7c8799f66aa3,4,0.39185047458255,0x5555555731006f71f121144534ca7c8799f66aa3,0xd90e2f925da726b50c4ed8d0fb90ad053324f31b,0,0.39185047458255,2,3841,59.169,59.2,687500,1341304807,406788,1341304807,1000000000
1749959675,2025-06-15T03:54:35.000,0xa160cdab225685da1d56aa342ad8841c3b53f291,0xf305a777131dfcf666d14be183009c01ac7caf3fa74fd4589afe56cdcc8a83d9,0x82dd816882e584867381342d4d164ae031273141,0x5555555731006f71f121144534ca7c8799f66aa3,4,0.39185047458255,0x5555555731006f71f121144534ca7c8799f66aa3,0xd90e2f925da726b50c4ed8d0fb90ad053324f31b,0,99.60814952541745,2,3841,59.169,59.2,687500,1341304807,406788,1341304807,1000000000
1749958907,2025-06-15T03:41:47.000,0xa160cdab225685da1d56aa342ad8841c3b53f291,0x3da5fca6ce892164f97d947869ebcb36309248bce09b9e83d273b0b03b1f583b,0x82dd816882e584867381342d4d164ae031273141,0x5555555731006f71f121144534ca7c8799f66aa3,4,0.39185953115755,0x5555555731006f71f121144534ca7c8799f66aa3,0xd90e2f925da726b50c4ed8d0fb90ad053324f31b,0,99.60814046884245,2,3840,62.803,62.8,687500,1332412946,431776,1344364000,1000000000
1749958907,2025-06-15T03:41:47.000,0xa160cdab225685da1d56aa342ad8841c3b53f291,0x3da5fca6ce892164f97d947869ebcb36309248bce09b9e83d273b0b03b1f583b,0x82dd816882e584867381342d4d164ae031273141,0x5555555731006f71f121144534ca7c8799f66aa3,4,0.39185953115755,0x5555555731006f71f121144534ca7c8799f66aa3,0xd90e2f925da726b50c4ed8d0fb90ad053324f31b,0,0.39185953115755,2,3840,62.803,62.8,687500,1332412946,431776,1344364000,1000000000
1749946823,2025-06-15T00:20:23.000,0xa160cdab225685da1d56aa342ad8841c3b53f291,0x5f47d673cb08613b689981cdd5742b98b5c9d5a0f0bc0a4e5325b316aba92412,0x4a635917c4524b860695ca73fdb19b9a6f235d47,0x0381deee9bbcd701d022b47c81f5b0079f48d38c,2,0.4318346657956,0xd0b9b6674b77befd88884d2bdeea979c023938e8,0xd90e2f925da726b50c4ed8d0fb90ad053324f31b,0,99.5681653342044,0,119,63.172,63.2,687500,3308141447,434312,null,null
1749946823,2025-06-15T00:20:23.000,0xa160cdab225685da1d56aa342ad8841c3b53f291,0x5f47d673cb08613b689981cdd5742b98b5c9d5a0f0bc0a4e5325b316aba92412,0x4a635917c4524b860695ca73fdb19b9a6f235d47,0x0381deee9bbcd701d022b47c81f5b0079f48d38c,2,0.4318346657956,0xd0b9b6674b77befd88884d2bdeea979c023938e8,0xd90e2f925da726b50c4ed8d0fb90ad053324f31b,0,0.4318346657956,0,119,63.172,63.2,687500,3308141447,434312,null,null
1749922523,2025-06-14T17:35:23.000,0xa160cdab225685da1d56aa342ad8841c3b53f291,0x1ad3dca833b8b7e7b5acd7bae8efd872ae680f5afb4e8e23fad29e5e0c51bdd7,0x7a79969a0b9d51d922c4810d2950560360f6f234,0x0000000000000000000000000000000000000000,22,0,0x7a79969a0b9d51d922c4810d2950560360f6f234,0xd90e2f925da726b50c4ed8d0fb90ad053324f31b,0,100,2,124,63.466,63.5,550000,3426040317,349067,3516853542,3000000000
1749922427,2025-06-14T17:33:47.000,0xa160cdab225685da1d56aa342ad8841c3b53f291,0x35edc1ae86774ef8a6da8ac8a4f068c6621d65841e91e9902f4a4ee6a406d8bf,0x7a79969a0b9d51d922c4810d2950560360f6f234,0x0000000000000000000000000000000000000000,22,0,0x7a79969a0b9d51d922c4810d2950560360f6f234,0xd90e2f925da726b50c4ed8d0fb90ad053324f31b,0,100,2,123,63.466,63.5,550000,3478135045,349067,3583257946,3000000000
1749922307,2025-06-14T17:31:47.000,0xa160cdab225685da1d56aa342ad8841c3b53f291,0x74f70200bc036f178dc69cec6fbeee58c1cb54d10cb25c128cf4b286f3ae488f,0x7a79969a0b9d51d922c4810d2950560360f6f234,0x0000000000000000000000000000000000000000,22,0,0x7a79969a0b9d51d922c4810d2950560360f6f234,0xd90e2f925da726b50c4ed8d0fb90ad053324f31b,0,100,2,122,63.464,63.5,550000,3539066402,349055,3539066402,3000000000
1749915203,2025-06-14T15:33:23.000,0xa160cdab225685da1d56aa342ad8841c3b53f291,0xf7d3c4b5f43317990be8c0e1cb1e9f7fca188873659740dff74a678778b31877,0x1c1b3ebb64f2c200013b68b39e1a13d2b2b924f1,0x0000000000000000000000000000000000000000,8,0,0x1c1b3ebb64f2c200013b68b39e1a13d2b2b924f1,0xd90e2f925da726b50c4ed8d0fb90ad053324f31b,0,100,2,7,75.928,75.9,459733,2000000000,349067,2000000000,2000000000
1749915095,2025-06-14T15:31:35.000,0xa160cdab225685da1d56aa342ad8841c3b53f291,0x4b2c72deb50a6164a3184e0baa16e4f074462801a223f414be738cb83a42948c,0x1c1b3ebb64f2c200013b68b39e1a13d2b2b924f1,0x0000000000000000000000000000000000000000,8,0,0x1c1b3ebb64f2c200013b68b39e1a13d2b2b924f1,0xd90e2f925da726b50c4ed8d0fb90ad053324f31b,0,100,2,6,75.225,75.2,463994,2000000000,349043,2000000000,2000000000
1749914915,2025-06-14T15:28:35.000,0xa160cdab225685da1d56aa342ad8841c3b53f291,0x9496cc83e29f87dde5c457fed399f651ec559c128541eb2804ed3b9916cb65a3,0x1c1b3ebb64f2c200013b68b39e1a13d2b2b924f1,0x0000000000000000000000000000000000000000,8,0,0x1c1b3ebb64f2c200013b68b39e1a13d2b2b924f1,0xd90e2f925da726b50c4ed8d0fb90ad053324f31b,0,100,2,5,75.225,75.2,463994,2000000000,349043,2000000000,2000000000
1749914759,2025-06-14T15:25:59.000,0xa160cdab225685da1d56aa342ad8841c3b53f291,0x17c6738674080406e2d24f53271f06ad045bafa4bb2f98d77ce5703d1baab2b7,0x1c1b3ebb64f2c200013b68b39e1a13d2b2b924f1,0x0000000000000000000000000000000000000000,8,0,0x1c1b3ebb64f2c200013b68b39e1a13d2b2b924f1,0xd90e2f925da726b50c4ed8d0fb90ad053324f31b,0,100,2,4,75.928,75.9,459702,2000000000,349043,2000000000,2000000000
1749914651,2025-06-14T15:24:11.000,0xa160cdab225685da1d56aa342ad8841c3b53f291,0x3cb47b2fb5fbf77dae5afcf9cd1c6d6f10b0995dfbc324e248ae188d3a9ed41d,0x1c1b3ebb64f2c200013b68b39e1a13d2b2b924f1,0x0000000000000000000000000000000000000000,8,0,0x1c1b3ebb64f2c200013b68b39e1a13d2b2b924f1,0xd90e2f925da726b50c4ed8d0fb90ad053324f31b,0,100,2,3,75.928,75.9,459686,2000000000,349031,2000000000,2000000000
1749914543,2025-06-14T15:22:23.000,0xa160cdab225685da1d56aa342ad8841c3b53f291,0x532adbff26789915a76df5970d48336058ff0c2a8e7fc08941c4dfcaab83dc19,0x1c1b3ebb64f2c200013b68b39e1a13d2b2b924f1,0x0000000000000000000000000000000000000000,8,0,0x1c1b3ebb64f2c200013b68b39e1a13d2b2b924f1,0xd90e2f925da726b50c4ed8d0fb90ad053324f31b,0,100,2,2,75.928,75.9,459717,2000000000,349055,2000000000,2000000000
1749914399,2025-06-14T15:19:59.000,0xa160cdab225685da1d56aa342ad8841c3b53f291,0x65ae4732800f94b1f1c2d33c94a76982e488206e13c5e36d1419212b0b8e881a,0x1c1b3ebb64f2c200013b68b39e1a13d2b2b924f1,0x0000000000000000000000000000000000000000,8,0,0x1c1b3ebb64f2c200013b68b39e1a13d2b2b924f1,0xd90e2f925da726b50c4ed8d0fb90ad053324f31b,0,100,2,1,75.928,75.9,459702,2000000000,349043,2000000000,2000000000
1749914267,2025-06-14T15:17:47.000,0xa160cdab225685da1d56aa342ad8841c3b53f291,0xcd654321884a23fa4ecde4b5b1440759a42b547660808cb877a0b4cfa15c6005,0x1c1b3ebb64f2c200013b68b39e1a13d2b2b924f1,0x0000000000000000000000000000000000000000,8,0,0x1c1b3ebb64f2c200013b68b39e1a13d2b2b924f1,0xd90e2f925da726b50c4ed8d0fb90ad053324f31b,0,100,2,0,75.928,75.9,459717,2000000000,349055,2000000000,2000000000
1749878687,2025-06-14T05:24:47.000,0xa160cdab225685da1d56aa342ad8841c3b53f291,0x55ee3160ad5003540eaa76c83a702dadd324b123fb6e3a49f1da26b185b91e1d,0xd81f56581e745e7b357edc313c43051ede409903,0x0381deee9bbcd701d022b47c81f5b0079f48d38c,2,0.43188993185644997,0xd0b9b6674b77befd88884d2bdeea979c023938e8,0xd90e2f925da726b50c4ed8d0fb90ad053324f31b,0,99.56811006814355,0,117,63.174,63.2,687500,3429101636,434324,null,null
1749878687,2025-06-14T05:24:47.000,0xa160cdab225685da1d56aa342ad8841c3b53f291,0x55ee3160ad5003540eaa76c83a702dadd324b123fb6e3a49f1da26b185b91e1d,0xd81f56581e745e7b357edc313c43051ede409903,0x0381deee9bbcd701d022b47c81f5b0079f48d38c,2,0.43188993185644997,0xd0b9b6674b77befd88884d2bdeea979c023938e8,0xd90e2f925da726b50c4ed8d0fb90ad053324f31b,0,0.43188993185644997,0,117,63.174,63.2,687500,3429101636,434324,null,null
1749872459,2025-06-14T03:40:59.000,0xa160cdab225685da1d56aa342ad8841c3b53f291,0xb02c8878454f4cbbb6e5b6a21277950f4e085836dff5b45c557036e9e33be3ce,0x62aa36c6ff3a8f3a65cd64ead632f92f974e3791,0x69ce09ab548ffb0b46978fdabb44beb2344608d5,4,0.40197194067784997,0x69ce09ab548ffb0b46978fdabb44beb2344608d5,0xd90e2f925da726b50c4ed8d0fb90ad053324f31b,0,0.40197194067784997,0,102,59.174,59.2,687500,3551698838,406824,null,null
1749872459,2025-06-14T03:40:59.000,0xa160cdab225685da1d56aa342ad8841c3b53f291,0xb02c8878454f4cbbb6e5b6a21277950f4e085836dff5b45c557036e9e33be3ce,0x62aa36c6ff3a8f3a65cd64ead632f92f974e3791,0x69ce09ab548ffb0b46978fdabb44beb2344608d5,4,0.40197194067784997,0x69ce09ab548ffb0b46978fdabb44beb2344608d5,0xd90e2f925da726b50c4ed8d0fb90ad053324f31b,0,99.59802805932216,0,102,59.174,59.2,687500,3551698838,406824,null,null
1749872327,2025-06-14T03:38:47.000,0xa160cdab225685da1d56aa342ad8841c3b53f291,0xbc5a6e264193645c1d3340efe7c71105896de0fcfc49ace1c52c339bd20592ae,0x62aa36c6ff3a8f3a65cd64ead632f92f974e3791,0x69ce09ab548ffb0b46978fdabb44beb2344608d5,4,0.402051587241,0x69ce09ab548ffb0b46978fdabb44beb2344608d5,0xd90e2f925da726b50c4ed8d0fb90ad053324f31b,0,99.597948412759,0,100,59.174,59.2,687500,3705734009,406824,null,null
1749872327,2025-06-14T03:38:47.000,0xa160cdab225685da1d56aa342ad8841c3b53f291,0xbc5a6e264193645c1d3340efe7c71105896de0fcfc49ace1c52c339bd20592ae,0x62aa36c6ff3a8f3a65cd64ead632f92f974e3791,0x69ce09ab548ffb0b46978fdabb44beb2344608d5,4,0.402051587241,0x69ce09ab548ffb0b46978fdabb44beb2344608d5,0xd90e2f925da726b50c4ed8d0fb90ad053324f31b,0,0.402051587241,0,100,59.174,59.2,687500,3705734009,406824,null,null
1749871739,2025-06-14T03:28:59.000,0xa160cdab225685da1d56aa342ad8841c3b53f291,0x954dee57498a4ae37c88bdc9f6ffc284bae9ef77ff19cef03b69d5ce30094180,0x5d8bc1bf44a04818f718cfd3c55efe57f161d464,0x7d2a66f05d2bb0ff4dc856eb317196c59ac3e932,6,0.40199179365110005,0x7d2a66f05d2bb0ff4dc856eb317196c59ac3e932,0xd90e2f925da726b50c4ed8d0fb90ad053324f31b,0,0.40199179365110005,0,465,59.172,59.2,687500,3611009034,406812,null,null
1749871739,2025-06-14T03:28:59.000,0xa160cdab225685da1d56aa342ad8841c3b53f291,0x954dee57498a4ae37c88bdc9f6ffc284bae9ef77ff19cef03b69d5ce30094180,0x5d8bc1bf44a04818f718cfd3c55efe57f161d464,0x7d2a66f05d2bb0ff4dc856eb317196c59ac3e932,6,0.40199179365110005,0x7d2a66f05d2bb0ff4dc856eb317196c59ac3e932,0xd90e2f925da726b50c4ed8d0fb90ad053324f31b,0,99.5980082063489,0,465,59.172,59.2,687500,3611009034,406812,null,null
1749871679,2025-06-14T03:27:59.000,0xa160cdab225685da1d56aa342ad8841c3b53f291,0x335db6ba3d54b7a41fe8f72b1e8ef66e1921b59fdf0d5ce389f081a160aebf1e,0x5d8bc1bf44a04818f718cfd3c55efe57f161d464,0x7d2a66f05d2bb0ff4dc856eb317196c59ac3e932,6,0.40197788922485,0x7d2a66f05d2bb0ff4dc856eb317196c59ac3e932,0xd90e2f925da726b50c4ed8d0fb90ad053324f31b,0,99.59802211077515,0,464,59.172,59.2,687500,3567891614,406812,null,null
1749871679,2025-06-14T03:27:59.000,0xa160cdab225685da1d56aa342ad8841c3b53f291,0x335db6ba3d54b7a41fe8f72b1e8ef66e1921b59fdf0d5ce389f081a160aebf1e,0x5d8bc1bf44a04818f718cfd3c55efe57f161d464,0x7d2a66f05d2bb0ff4dc856eb317196c59ac3e932,6,0.40197788922485,0x7d2a66f05d2bb0ff4dc856eb317196c59ac3e932,0xd90e2f925da726b50c4ed8d0fb90ad053324f31b,0,0.40197788922485,0,464,59.172,59.2,687500,3567891614,406812,null,null
1749871619,2025-06-14T03:26:59.000,0xa160cdab225685da1d56aa342ad8841c3b53f291,0xeedf943e1500be874189c73050f2810c5fc1002634c4c1ecc5e5efb0074230b1,0x5d8bc1bf44a04818f718cfd3c55efe57f161d464,0x7d2a66f05d2bb0ff4dc856eb317196c59ac3e932,6,0.4019785000136,0x7d2a66f05d2bb0ff4dc856eb317196c59ac3e932,0xd90e2f925da726b50c4ed8d0fb90ad053324f31b,0,0.4019785000136,0,463,62.805,62.8,687500,3569398501,431788,null,null
1749871619,2025-06-14T03:26:59.000,0xa160cdab225685da1d56aa342ad8841c3b53f291,0xeedf943e1500be874189c73050f2810c5fc1002634c4c1ecc5e5efb0074230b1,0x5d8bc1bf44a04818f718cfd3c55efe57f161d464,0x7d2a66f05d2bb0ff4dc856eb317196c59ac3e932,6,0.4019785000136,0x7d2a66f05d2bb0ff4dc856eb317196c59ac3e932,0xd90e2f925da726b50c4ed8d0fb90ad053324f31b,0,99.5980214999864,0,463,62.805,62.8,687500,3569398501,431788,null,null
1749871559,2025-06-14T03:25:59.000,0xa160cdab225685da1d56aa342ad8841c3b53f291,0x8b00b804521a6c294988da338a90d6fed5ed59d9b093384c8cd10d58581f343b,0xf19174fe4b202a74123b807c735071baea98b3a4,0x7d2a66f05d2bb0ff4dc856eb317196c59ac3e932,6,0.4320045335475,0x7d2a66f05d2bb0ff4dc856eb317196c59ac3e932,0xd90e2f925da726b50c4ed8d0fb90ad053324f31b,0,99.5679954664525,0,462,59.169,59.2,687500,3597035069,406788,null,null
1749871559,2025-06-14T03:25:59.000,0xa160cdab225685da1d56aa342ad8841c3b53f291,0x8b00b804521a6c294988da338a90d6fed5ed59d9b093384c8cd10d58581f343b,0xf19174fe4b202a74123b807c735071baea98b3a4,0x7d2a66f05d2bb0ff4dc856eb317196c59ac3e932,6,0.4320045335475,0x7d2a66f05d2bb0ff4dc856eb317196c59ac3e932,0xd90e2f925da726b50c4ed8d0fb90ad053324f31b,0,0.4320045335475,0,462,59.169,59.2,687500,3597035069,406788,null,null
1749871451,2025-06-14T03:24:11.000,0xa160cdab225685da1d56aa342ad8841c3b53f291,0xf10e0e45c57409a19fc0c88700f7c47d11e8412afaf843cf924a13d0642081f0,0xf19174fe4b202a74123b807c735071baea98b3a4,0x000000cd6521ed1a65fae0678ea15af4eead74fe,6,0.4320266113967,0x000000cd6521ed1a65fae0678ea15af4eead74fe,0xd90e2f925da726b50c4ed8d0fb90ad053324f31b,0,99.56797338860329,2,3527,59.165,59.2,687500,1605721397,406764,1658713672,1000000000
1749871451,2025-06-14T03:24:11.000,0xa160cdab225685da1d56aa342ad8841c3b53f291,0xf10e0e45c57409a19fc0c88700f7c47d11e8412afaf843cf924a13d0642081f0,0xf19174fe4b202a74123b807c735071baea98b3a4,0x000000cd6521ed1a65fae0678ea15af4eead74fe,6,0.4320266113967,0x000000cd6521ed1a65fae0678ea15af4eead74fe,0xd90e2f925da726b50c4ed8d0fb90ad053324f31b,0,0.4320266113967,2,3527,59.165,59.2,687500,1605721397,406764,1658713672,1000000000
1749871415,2025-06-14T03:23:35.000,0xa160cdab225685da1d56aa342ad8841c3b53f291,0x5b29f3dab94060ff9b6f048d85b697c610422188e51472ecbba70b7ddaa7d59b,0xf19174fe4b202a74123b807c735071baea98b3a4,0x000000cd6521ed1a65fae0678ea15af4eead74fe,6,0.43197671266705,0x000000cd6521ed1a65fae0678ea15af4eead74fe,0xd90e2f925da726b50c4ed8d0fb90ad053324f31b,0,99.56802328733295,2,3526,62.805,62.8,687500,1640010248,431788,1640010248,1000000000
1749871415,2025-06-14T03:23:35.000,0xa160cdab225685da1d56aa342ad8841c3b53f291,0x5b29f3dab94060ff9b6f048d85b697c610422188e51472ecbba70b7ddaa7d59b,0xf19174fe4b202a74123b807c735071baea98b3a4,0x000000cd6521ed1a65fae0678ea15af4eead74fe,6,0.43197671266705,0x000000cd6521ed1a65fae0678ea15af4eead74fe,0xd90e2f925da726b50c4ed8d0fb90ad053324f31b,0,0.43197671266705,2,3526,62.805,62.8,687500,1640010248,431788,1640010248,1000000000
1749854159,2025-06-13T22:35:59.000,0xa160cdab225685da1d56aa342ad8841c3b53f291,0xbc54ac4e8103ca074f35a09780c522ae17316af17ae6afbbf120bbed8b3c041f,0x7a79969a0b9d51d922c4810d2950560360f6f234,0x0000000000000000000000000000000000000000,22,0,0x7a79969a0b9d51d922c4810d2950560360f6f234,0xd90e2f925da726b50c4ed8d0fb90ad053324f31b,0,100,2,111,63.468,63.5,550000,3791520661,349079,3806303662,3000000000
1749854087,2025-06-13T22:34:47.000,0xa160cdab225685da1d56aa342ad8841c3b53f291,0x00e83cc331d8caa31937b87b2cdffa4f4febe47dec9f28a698fd81606ef49e1d,0x7a79969a0b9d51d922c4810d2950560360f6f234,0x0000000000000000000000000000000000000000,22,0,0x7a79969a0b9d51d922c4810d2950560360f6f234,0xd90e2f925da726b50c4ed8d0fb90ad053324f31b,0,100,2,110,63.464,63.5,550000,3736947500,349055,3736947500,3000000000
1749854003,2025-06-13T22:33:23.000,0xa160cdab225685da1d56aa342ad8841c3b53f291,0x1003af797a9295df60284e61693fa511a8cf93d6bddfdcce8c1f7746f88d0981,0x7a79969a0b9d51d922c4810d2950560360f6f234,0x0000000000000000000000000000000000000000,22,0,0x7a79969a0b9d51d922c4810d2950560360f6f234,0xd90e2f925da726b50c4ed8d0fb90ad053324f31b,0,100,2,109,63.466,63.5,550000,3781257272,349067,3781257272,3000000000
1749853919,2025-06-13T22:31:59.000,0xa160cdab225685da1d56aa342ad8841c3b53f291,0x754bdb29bf7df02ec52d93396cbd396f7024257be7cd0b68f8bbdbcee05eb37c,0x7a79969a0b9d51d922c4810d2950560360f6f234,0x0000000000000000000000000000000000000000,22,0,0x7a79969a0b9d51d922c4810d2950560360f6f234,0xd90e2f925da726b50c4ed8d0fb90ad053324f31b,0,100,2,108,63.466,63.5,550000,3766508272,349067,3794175585,3000000000
1749853847,2025-06-13T22:30:47.000,0xa160cdab225685da1d56aa342ad8841c3b53f291,0x026951679e50713398dda07792b341144602a7268e092337cc46ac7e4c3f9f2e,0x7a79969a0b9d51d922c4810d2950560360f6f234,0x0000000000000000000000000000000000000000,22,0,0x7a79969a0b9d51d922c4810d2950560360f6f234,0xd90e2f925da726b50c4ed8d0fb90ad053324f31b,0,100,2,107,63.468,63.5,550000,3572765396,349079,3572765396,3000000000
1749851663,2025-06-13T21:54:23.000,0xa160cdab225685da1d56aa342ad8841c3b53f291,0x892ab34c05e8a7cb333e327797a2c3b718499d3c3935c0dc37d48d4d7c6b79d9,0xfc80a3ff64065fc6fe1606f53bad2c6650f108e8,0x0000000000000000000000000000000000000000,1,0,0xfc80a3ff64065fc6fe1606f53bad2c6650f108e8,0xd90e2f925da726b50c4ed8d0fb90ad053324f31b,0,100,2,0,63.464,63.5,550000,3656823814,349055,3698613685,3000000000
1749836015,2025-06-13T17:33:35.000,0xa160cdab225685da1d56aa342ad8841c3b53f291,0x57f8ca3a4380a9353339cb02db0a692de92a3b252adfa61c8b0462275d91a4e6,0x1f595a66fc4863ad1fe36aed6f64ec19995662a9,0x7d2a66f05d2bb0ff4dc856eb317196c59ac3e932,4,0.40247958464545,0x7d2a66f05d2bb0ff4dc856eb317196c59ac3e932,0xd90e2f925da726b50c4ed8d0fb90ad053324f31b,0,99.59752041535455,0,461,59.17,59.2,687500,4392213357,406800,null,null
1749836015,2025-06-13T17:33:35.000,0xa160cdab225685da1d56aa342ad8841c3b53f291,0x57f8ca3a4380a9353339cb02db0a692de92a3b252adfa61c8b0462275d91a4e6,0x1f595a66fc4863ad1fe36aed6f64ec19995662a9,0x7d2a66f05d2bb0ff4dc856eb317196c59ac3e932,4,0.40247958464545,0x7d2a66f05d2bb0ff4dc856eb317196c59ac3e932,0xd90e2f925da726b50c4ed8d0fb90ad053324f31b,0,0.40247958464545,0,461,59.17,59.2,687500,4392213357,406800,null,null
1749835919,2025-06-13T17:31:59.000,0xa160cdab225685da1d56aa342ad8841c3b53f291,0x5e02d5c3c2d0931e81d5a84071a861fe2e195ba560b8e01ededf9497b74f1f8a,0x1f595a66fc4863ad1fe36aed6f64ec19995662a9,0x7d2a66f05d2bb0ff4dc856eb317196c59ac3e932,4,0.40246977964915004,0x7d2a66f05d2bb0ff4dc856eb317196c59ac3e932,0xd90e2f925da726b50c4ed8d0fb90ad053324f31b,0,99.59753022035085,0,460,62.809,62.8,687500,4514037896,431812,null,null
1749835919,2025-06-13T17:31:59.000,0xa160cdab225685da1d56aa342ad8841c3b53f291,0x5e02d5c3c2d0931e81d5a84071a861fe2e195ba560b8e01ededf9497b74f1f8a,0x1f595a66fc4863ad1fe36aed6f64ec19995662a9,0x7d2a66f05d2bb0ff4dc856eb317196c59ac3e932,4,0.40246977964915004,0x7d2a66f05d2bb0ff4dc856eb317196c59ac3e932,0xd90e2f925da726b50c4ed8d0fb90ad053324f31b,0,0.40246977964915004,0,460,62.809,62.8,687500,4514037896,431812,null,null
1749835715,2025-06-13T17:28:35.000,0xa160cdab225685da1d56aa342ad8841c3b53f291,0xbfc4e3aad52ceb0752fd6d2d2cc679817426fb3a3b626b446ab29ee26777a1b5,0xd6d2443dbca402ef3a6f84b4f7ab998d45ddb80a,0xc49415493eb3ec64a0f13d8aa5056f1cfc4ce35c,2,0.4024521409473,0xc49415493eb3ec64a0f13d8aa5056f1cfc4ce35c,0xd90e2f925da726b50c4ed8d0fb90ad053324f31b,0,99.59754785905271,2,3755,62.807,62.8,687500,2441561099,431800,2441561099,1000000000
1749835715,2025-06-13T17:28:35.000,0xa160cdab225685da1d56aa342ad8841c3b53f291,0xbfc4e3aad52ceb0752fd6d2d2cc679817426fb3a3b626b446ab29ee26777a1b5,0xd6d2443dbca402ef3a6f84b4f7ab998d45ddb80a,0xc49415493eb3ec64a0f13d8aa5056f1cfc4ce35c,2,0.4024521409473,0xc49415493eb3ec64a0f13d8aa5056f1cfc4ce35c,0xd90e2f925da726b50c4ed8d0fb90ad053324f31b,0,0.4024521409473,2,3755,62.807,62.8,687500,2441561099,431800,2441561099,1000000000
1749829487,2025-06-13T15:44:47.000,0xa160cdab225685da1d56aa342ad8841c3b53f291,0x318cf8938cc6008a7ad77e1d592c47480d662b01336cbf29f21ec2d1f016f933,0x458bca5fb6a3f8a53748fd9cf4f3aa20c4219682,0x69ce09ab548ffb0b46978fdabb44beb2344608d5,4,0.40317023701445,0x69ce09ab548ffb0b46978fdabb44beb2344608d5,0xd90e2f925da726b50c4ed8d0fb90ad053324f31b,0,99.59682976298556,0,96,59.172,59.2,687500,5719044966,406812,null,null
1749829487,2025-06-13T15:44:47.000,0xa160cdab225685da1d56aa342ad8841c3b53f291,0x318cf8938cc6008a7ad77e1d592c47480d662b01336cbf29f21ec2d1f016f933,0x458bca5fb6a3f8a53748fd9cf4f3aa20c4219682,0x69ce09ab548ffb0b46978fdabb44beb2344608d5,4,0.40317023701445,0x69ce09ab548ffb0b46978fdabb44beb2344608d5,0xd90e2f925da726b50c4ed8d0fb90ad053324f31b,0,0.40317023701445,0,96,59.172,59.2,687500,5719044966,406812,null,null
1749829355,2025-06-13T15:42:35.000,0xa160cdab225685da1d56aa342ad8841c3b53f291,0x47a7e54d56300bd0c39a3b611cbecc863f4213883f539efb623dc3e86b80d859,0x458bca5fb6a3f8a53748fd9cf4f3aa20c4219682,0x69ce09ab548ffb0b46978fdabb44beb2344608d5,4,0.4029696051132,0x69ce09ab548ffb0b46978fdabb44beb2344608d5,0xd90e2f925da726b50c4ed8d0fb90ad053324f31b,0,99.5970303948868,0,95,62.809,62.8,687500,5508674022,431812,null,null
1749829355,2025-06-13T15:42:35.000,0xa160cdab225685da1d56aa342ad8841c3b53f291,0x47a7e54d56300bd0c39a3b611cbecc863f4213883f539efb623dc3e86b80d859,0x458bca5fb6a3f8a53748fd9cf4f3aa20c4219682,0x69ce09ab548ffb0b46978fdabb44beb2344608d5,4,0.4029696051132,0x69ce09ab548ffb0b46978fdabb44beb2344608d5,0xd90e2f925da726b50c4ed8d0fb90ad053324f31b,0,0.4029696051132,0,95,62.809,62.8,687500,5508674022,431812,null,null
1749816947,2025-06-13T12:15:47.000,0xa160cdab225685da1d56aa342ad8841c3b53f291,0x0048ee3f02de4454c353b551341599b143910571b392c40bbd8c8b26125c9f4b,0xf246ad736df0b75b8f271be4a93d21d453e2f022,0x7d2a66f05d2bb0ff4dc856eb317196c59ac3e932,4,0.40254908844904996,0x7d2a66f05d2bb0ff4dc856eb317196c59ac3e932,0xd90e2f925da726b50c4ed8d0fb90ad053324f31b,0,0.40254908844904996,0,459,59.17,59.2,687500,4645748175,406800,null,null
1749816947,2025-06-13T12:15:47.000,0xa160cdab225685da1d56aa342ad8841c3b53f291,0x0048ee3f02de4454c353b551341599b143910571b392c40bbd8c8b26125c9f4b,0xf246ad736df0b75b8f271be4a93d21d453e2f022,0x7d2a66f05d2bb0ff4dc856eb317196c59ac3e932,4,0.40254908844904996,0x7d2a66f05d2bb0ff4dc856eb317196c59ac3e932,0xd90e2f925da726b50c4ed8d0fb90ad053324f31b,0,99.59745091155095,0,459,59.17,59.2,687500,4645748175,406800,null,null
1749812087,2025-06-13T10:54:47.000,0xa160cdab225685da1d56aa342ad8841c3b53f291,0x8384c40807de1b6ffe0a8b1cb88a7feda9b6245f775f67b82de436abf4b7a1b9,0xcf9ff047725917032108f373cf08a67fdd8a07ba,0xc0f12799b8d3fa8810dfe1616095170c72117f8f,4,0.40228553711649995,0xc0f12799b8d3fa8810dfe1616095170c72117f8f,0xd90e2f925da726b50c4ed8d0fb90ad053324f31b,0,99.5977144628835,0,322,59.174,59.2,687500,4081984200,406824,null,null
1749812087,2025-06-13T10:54:47.000,0xa160cdab225685da1d56aa342ad8841c3b53f291,0x8384c40807de1b6ffe0a8b1cb88a7feda9b6245f775f67b82de436abf4b7a1b9,0xcf9ff047725917032108f373cf08a67fdd8a07ba,0xc0f12799b8d3fa8810dfe1616095170c72117f8f,4,0.40228553711649995,0xc0f12799b8d3fa8810dfe1616095170c72117f8f,0xd90e2f925da726b50c4ed8d0fb90ad053324f31b,0,0.40228553711649995,0,322,59.174,59.2,687500,4081984200,406824,null,null
1749812003,2025-06-13T10:53:23.000,0xa160cdab225685da1d56aa342ad8841c3b53f291,0x141f86237296e5b3c7effe8ab8a85709f95bc99b1ac52ae25114403183c25187,0xcf9ff047725917032108f373cf08a67fdd8a07ba,0xc0f12799b8d3fa8810dfe1616095170c72117f8f,4,0.40230621893865,0xc0f12799b8d3fa8810dfe1616095170c72117f8f,0xd90e2f925da726b50c4ed8d0fb90ad053324f31b,0,99.59769378106135,0,321,62.805,62.8,687500,4198095250,431788,null,null
1749812003,2025-06-13T10:53:23.000,0xa160cdab225685da1d56aa342ad8841c3b53f291,0x141f86237296e5b3c7effe8ab8a85709f95bc99b1ac52ae25114403183c25187,0xcf9ff047725917032108f373cf08a67fdd8a07ba,0xc0f12799b8d3fa8810dfe1616095170c72117f8f,4,0.40230621893865,0xc0f12799b8d3fa8810dfe1616095170c72117f8f,0xd90e2f925da726b50c4ed8d0fb90ad053324f31b,0,0.40230621893865,0,321,62.805,62.8,687500,4198095250,431788,null,null
1749811163,2025-06-13T10:39:23.000,0xa160cdab225685da1d56aa342ad8841c3b53f291,0x321cf1480c7569f218ad7ae42b55d1fa6063e8dcb9fdb4e1ed6645e283dfe433,0xef0df59d702dbeda6bb5b6cf9554ba098db80c0d,0x0381deee9bbcd701d022b47c81f5b0079f48d38c,2,0.39220332625645,0xd0b9b6674b77befd88884d2bdeea979c023938e8,0xd90e2f925da726b50c4ed8d0fb90ad053324f31b,0,0.39220332625645,0,114,63.172,63.2,687500,4247063584,434312,null,null
1749811163,2025-06-13T10:39:23.000,0xa160cdab225685da1d56aa342ad8841c3b53f291,0x321cf1480c7569f218ad7ae42b55d1fa6063e8dcb9fdb4e1ed6645e283dfe433,0xef0df59d702dbeda6bb5b6cf9554ba098db80c0d,0x0381deee9bbcd701d022b47c81f5b0079f48d38c,2,0.39220332625645,0xd0b9b6674b77befd88884d2bdeea979c023938e8,0xd90e2f925da726b50c4ed8d0fb90ad053324f31b,0,99.60779667374355,0,114,63.172,63.2,687500,4247063584,434312,null,null
1749807179,2025-06-13T09:32:59.000,0xa160cdab225685da1d56aa342ad8841c3b53f291,0x4ea4fa90f3f8d120117abd9eeeba0bd6861949f91f482b72de4e54a0e61b35ca,0xf246ad736df0b75b8f271be4a93d21d453e2f022,0x7d2a66f05d2bb0ff4dc856eb317196c59ac3e932,4,0.40247335957990005,0x7d2a66f05d2bb0ff4dc856eb317196c59ac3e932,0xd90e2f925da726b50c4ed8d0fb90ad053324f31b,0,0.40247335957990005,0,458,62.807,62.8,687500,4502995418,431800,null,null
1749807179,2025-06-13T09:32:59.000,0xa160cdab225685da1d56aa342ad8841c3b53f291,0x4ea4fa90f3f8d120117abd9eeeba0bd6861949f91f482b72de4e54a0e61b35ca,0xf246ad736df0b75b8f271be4a93d21d453e2f022,0x7d2a66f05d2bb0ff4dc856eb317196c59ac3e932,4,0.40247335957990005,0x7d2a66f05d2bb0ff4dc856eb317196c59ac3e932,0xd90e2f925da726b50c4ed8d0fb90ad053324f31b,0,99.5975266404201,0,458,62.807,62.8,687500,4502995418,431800,null,null
1749804035,2025-06-13T08:40:35.000,0xa160cdab225685da1d56aa342ad8841c3b53f291,0x6529eee8a5f11852f1adf9f3c05e67b831b73924576545304ec6f49590045220,0x006126616d677c2bb58e2a21ca085ed0325b9efe,0x69ce09ab548ffb0b46978fdabb44beb2344608d5,4,0.402393319863,0x69ce09ab548ffb0b46978fdabb44beb2344608d5,0xd90e2f925da726b50c4ed8d0fb90ad053324f31b,0,99.597606680137,0,94,59.17,59.2,687500,4401726056,406800,null,null
1749804035,2025-06-13T08:40:35.000,0xa160cdab225685da1d56aa342ad8841c3b53f291,0x6529eee8a5f11852f1adf9f3c05e67b831b73924576545304ec6f49590045220,0x006126616d677c2bb58e2a21ca085ed0325b9efe,0x69ce09ab548ffb0b46978fdabb44beb2344608d5,4,0.402393319863,0x69ce09ab548ffb0b46978fdabb44beb2344608d5,0xd90e2f925da726b50c4ed8d0fb90ad053324f31b,0,0.402393319863,0,94,59.17,59.2,687500,4401726056,406800,null,null
1749803975,2025-06-13T08:39:35.000,0xa160cdab225685da1d56aa342ad8841c3b53f291,0x76a390925b17064c0719eae247649e75627c2390458fe32ee217a4824a47ce0a,0x006126616d677c2bb58e2a21ca085ed0325b9efe,0x69ce09ab548ffb0b46978fdabb44beb2344608d5,4,0.40237737852935,0x69ce09ab548ffb0b46978fdabb44beb2344608d5,0xd90e2f925da726b50c4ed8d0fb90ad053324f31b,0,99.59762262147065,0,93,62.803,62.8,687500,4341953665,431776,null,null
1749803975,2025-06-13T08:39:35.000,0xa160cdab225685da1d56aa342ad8841c3b53f291,0x76a390925b17064c0719eae247649e75627c2390458fe32ee217a4824a47ce0a,0x006126616d677c2bb58e2a21ca085ed0325b9efe,0x69ce09ab548ffb0b46978fdabb44beb2344608d5,4,0.40237737852935,0x69ce09ab548ffb0b46978fdabb44beb2344608d5,0xd90e2f925da726b50c4ed8d0fb90ad053324f31b,0,0.40237737852935,0,93,62.803,62.8,687500,4341953665,431776,null,null
1749785243,2025-06-13T03:27:23.000,0xa160cdab225685da1d56aa342ad8841c3b53f291,0xfcdb1f97048e8f6185520e377de6581bb905750cac966f923dbde0657d617704,0xf07d427f05a657b342f785292c095c1fe1081219,0x69ce09ab548ffb0b46978fdabb44beb2344608d5,4,0.40297491487975,0x69ce09ab548ffb0b46978fdabb44beb2344608d5,0xd90e2f925da726b50c4ed8d0fb90ad053324f31b,0,99.59702508512025,0,92,59.174,59.2,687500,5128754930,406824,null,null
1749785243,2025-06-13T03:27:23.000,0xa160cdab225685da1d56aa342ad8841c3b53f291,0xfcdb1f97048e8f6185520e377de6581bb905750cac966f923dbde0657d617704,0xf07d427f05a657b342f785292c095c1fe1081219,0x69ce09ab548ffb0b46978fdabb44beb2344608d5,4,0.40297491487975,0x69ce09ab548ffb0b46978fdabb44beb2344608d5,0xd90e2f925da726b50c4ed8d0fb90ad053324f31b,0,0.40297491487975,0,92,59.174,59.2,687500,5128754930,406824,null,null
1749785063,2025-06-13T03:24:23.000,0xa160cdab225685da1d56aa342ad8841c3b53f291,0xd8a39b9b80dab62eeeca1a958a22698fa18b3c4790da3f88ac502391ede8e744,0xf07d427f05a657b342f785292c095c1fe1081219,0x69ce09ab548ffb0b46978fdabb44beb2344608d5,4,0.4030128074295,0x69ce09ab548ffb0b46978fdabb44beb2344608d5,0xd90e2f925da726b50c4ed8d0fb90ad053324f31b,0,0.4030128074295,0,89,59.174,59.2,687500,5222299098,406824,null,null
1749785063,2025-06-13T03:24:23.000,0xa160cdab225685da1d56aa342ad8841c3b53f291,0xd8a39b9b80dab62eeeca1a958a22698fa18b3c4790da3f88ac502391ede8e744,0xf07d427f05a657b342f785292c095c1fe1081219,0x69ce09ab548ffb0b46978fdabb44beb2344608d5,4,0.4030128074295,0x69ce09ab548ffb0b46978fdabb44beb2344608d5,0xd90e2f925da726b50c4ed8d0fb90ad053324f31b,0,99.5969871925705,0,89,59.174,59.2,687500,5222299098,406824,null,null
1749784727,2025-06-13T03:18:47.000,0xa160cdab225685da1d56aa342ad8841c3b53f291,0xe1aff5352d567876601ebbf751cfa565f29907ea5bafbc64bfa208ba35fe532c,0x6c6ce943a6aea266d6591bb9c86f4dd1f59a46f5,0x7d2a66f05d2bb0ff4dc856eb317196c59ac3e932,4,0.40305918643195,0x7d2a66f05d2bb0ff4dc856eb317196c59ac3e932,0xd90e2f925da726b50c4ed8d0fb90ad053324f31b,0,99.59694081356805,0,457,59.172,59.2,687500,5621539357,406812,null,null
1749784727,2025-06-13T03:18:47.000,0xa160cdab225685da1d56aa342ad8841c3b53f291,0xe1aff5352d567876601ebbf751cfa565f29907ea5bafbc64bfa208ba35fe532c,0x6c6ce943a6aea266d6591bb9c86f4dd1f59a46f5,0x7d2a66f05d2bb0ff4dc856eb317196c59ac3e932,4,0.40305918643195,0x7d2a66f05d2bb0ff4dc856eb317196c59ac3e932,0xd90e2f925da726b50c4ed8d0fb90ad053324f31b,0,0.40305918643195,0,457,59.172,59.2,687500,5621539357,406812,null,null
1749784583,2025-06-13T03:16:23.000,0xa160cdab225685da1d56aa342ad8841c3b53f291,0x748c2ddbb41ce51f3ea8af19aa068ae6a7e606c45688771b7f157d3b72f566a9,0x6c6ce943a6aea266d6591bb9c86f4dd1f59a46f5,0x7d2a66f05d2bb0ff4dc856eb317196c59ac3e932,4,0.40293436714615,0x7d2a66f05d2bb0ff4dc856eb317196c59ac3e932,0xd90e2f925da726b50c4ed8d0fb90ad053324f31b,0,99.59706563285386,0,456,62.81,62.8,687500,5400745457,431824,null,null
1749784583,2025-06-13T03:16:23.000,0xa160cdab225685da1d56aa342ad8841c3b53f291,0x748c2ddbb41ce51f3ea8af19aa068ae6a7e606c45688771b7f157d3b72f566a9,0x6c6ce943a6aea266d6591bb9c86f4dd1f59a46f5,0x7d2a66f05d2bb0ff4dc856eb317196c59ac3e932,4,0.40293436714615,0x7d2a66f05d2bb0ff4dc856eb317196c59ac3e932,0xd90e2f925da726b50c4ed8d0fb90ad053324f31b,0,0.40293436714615,0,456,62.81,62.8,687500,5400745457,431824,null,null
1749784427,2025-06-13T03:13:47.000,0xa160cdab225685da1d56aa342ad8841c3b53f291,0x8dfbed9389ee65f720884e17ede0adeedc2d42ec70e01b18ff7e9896ce6f3c43,0x33f9db00083f8a142eb16ae82c0ce58e63098f52,0x7d2a66f05d2bb0ff4dc856eb317196c59ac3e932,4,0.40285267040795003,0x7d2a66f05d2bb0ff4dc856eb317196c59ac3e932,0xd90e2f925da726b50c4ed8d0fb90ad053324f31b,0,99.59714732959205,0,455,59.172,59.2,687500,5665401989,406812,null,null
1749784427,2025-06-13T03:13:47.000,0xa160cdab225685da1d56aa342ad8841c3b53f291,0x8dfbed9389ee65f720884e17ede0adeedc2d42ec70e01b18ff7e9896ce6f3c43,0x33f9db00083f8a142eb16ae82c0ce58e63098f52,0x7d2a66f05d2bb0ff4dc856eb317196c59ac3e932,4,0.40285267040795003,0x7d2a66f05d2bb0ff4dc856eb317196c59ac3e932,0xd90e2f925da726b50c4ed8d0fb90ad053324f31b,0,0.40285267040795003,0,455,59.172,59.2,687500,5665401989,406812,null,null
1749784187,2025-06-13T03:09:47.000,0xa160cdab225685da1d56aa342ad8841c3b53f291,0x1401448ec6a723d71552b34122ebbbcfbfc66f4e63f7c45cc8ea53ecae79fc96,0x33f9db00083f8a142eb16ae82c0ce58e63098f52,0x7d2a66f05d2bb0ff4dc856eb317196c59ac3e932,4,0.40299683903035,0x7d2a66f05d2bb0ff4dc856eb317196c59ac3e932,0xd90e2f925da726b50c4ed8d0fb90ad053324f31b,0,99.59700316096963,0,451,62.807,62.8,687500,5152912427,431800,null,null
1749784187,2025-06-13T03:09:47.000,0xa160cdab225685da1d56aa342ad8841c3b53f291,0x1401448ec6a723d71552b34122ebbbcfbfc66f4e63f7c45cc8ea53ecae79fc96,0x33f9db00083f8a142eb16ae82c0ce58e63098f52,0x7d2a66f05d2bb0ff4dc856eb317196c59ac3e932,4,0.40299683903035,0x7d2a66f05d2bb0ff4dc856eb317196c59ac3e932,0xd90e2f925da726b50c4ed8d0fb90ad053324f31b,0,0.40299683903035,0,451,62.807,62.8,687500,5152912427,431800,null,null
1749782999,2025-06-13T02:49:59.000,0xa160cdab225685da1d56aa342ad8841c3b53f291,0x65b68d4a6383cbc37adc92a4bb2f431f54a95f56245f54d37045466cf3825d6b,0x4571751a483d3fccb2bdc1833659b3abfad9cdfc,0x69ce09ab548ffb0b46978fdabb44beb2344608d5,6,0.40347674822605,0x69ce09ab548ffb0b46978fdabb44beb2344608d5,0xd90e2f925da726b50c4ed8d0fb90ad053324f31b,0,99.59652325177395,0,88,59.17,59.2,687500,6246020054,406800,null,null
1749782999,2025-06-13T02:49:59.000,0xa160cdab225685da1d56aa342ad8841c3b53f291,0x65b68d4a6383cbc37adc92a4bb2f431f54a95f56245f54d37045466cf3825d6b,0x4571751a483d3fccb2bdc1833659b3abfad9cdfc,0x69ce09ab548ffb0b46978fdabb44beb2344608d5,6,0.40347674822605,0x69ce09ab548ffb0b46978fdabb44beb2344608d5,0xd90e2f925da726b50c4ed8d0fb90ad053324f31b,0,0.40347674822605,0,88,59.17,59.2,687500,6246020054,406800,null,null
1749782063,2025-06-13T02:34:23.000,0xa160cdab225685da1d56aa342ad8841c3b53f291,0x3f7a294635b61eb31549c20d112a38117bb1a3c3405f238d53afa6a1afb66357,0x4498eeacbac232eac52c397500341ced6d9a0d66,0x2ee39ff05643bc7cc9ed31b71e142429044a425c,4,0.3936012383957,0x2ee39ff05643bc7cc9ed31b71e142429044a425c,0xd90e2f925da726b50c4ed8d0fb90ad053324f31b,0,99.6063987616043,0,2481,59.169,59.2,687500,6243622395,406788,null,null
1749782063,2025-06-13T02:34:23.000,0xa160cdab225685da1d56aa342ad8841c3b53f291,0x3f7a294635b61eb31549c20d112a38117bb1a3c3405f238d53afa6a1afb66357,0x4498eeacbac232eac52c397500341ced6d9a0d66,0x2ee39ff05643bc7cc9ed31b71e142429044a425c,4,0.3936012383957,0x2ee39ff05643bc7cc9ed31b71e142429044a425c,0xd90e2f925da726b50c4ed8d0fb90ad053324f31b,0,0.3936012383957,0,2481,59.169,59.2,687500,6243622395,406788,null,null
1749781811,2025-06-13T02:30:11.000,0xa160cdab225685da1d56aa342ad8841c3b53f291,0xcbe6541f598981c1858a85ed0171297a9c49d60e3c8e590f2516db70382a560a,0x4498eeacbac232eac52c397500341ced6d9a0d66,0xda0b76cc92e94a6f972ed29c104bbe8d73c2f753,4,0.39439458199125,0x4af043aca08bbe1fa2ac78eb205ea353327aa5ce,0xd90e2f925da726b50c4ed8d0fb90ad053324f31b,0,99.60560541800875,0,625,63.169,63.2,687500,7170600731,434288,null,null
1749781811,2025-06-13T02:30:11.000,0xa160cdab225685da1d56aa342ad8841c3b53f291,0xcbe6541f598981c1858a85ed0171297a9c49d60e3c8e590f2516db70382a560a,0x4498eeacbac232eac52c397500341ced6d9a0d66,0xda0b76cc92e94a6f972ed29c104bbe8d73c2f753,4,0.39439458199125,0x4af043aca08bbe1fa2ac78eb205ea353327aa5ce,0xd90e2f925da726b50c4ed8d0fb90ad053324f31b,0,0.39439458199125,0,625,63.169,63.2,687500,7170600731,434288,null,null
1749781511,2025-06-13T02:25:11.000,0xa160cdab225685da1d56aa342ad8841c3b53f291,0xb4227b744cb61d4ef8b67e526168b82448dbdeb1b52e97fd87cac1b468dc3846,0x555c0cc2dbee6bf52196ffb44896ff3052c13b53,0x94596b6a626392f5d972d6cc4d929a42c2f0008c,4,0.39383765409224997,0x03392600086874456e08d2bac104380bcdebcfc0,0xd90e2f925da726b50c4ed8d0fb90ad053324f31b,0,99.60616234590775,0,1525,59.534,59.5,687500,7179182405,409300,null,null
1749781511,2025-06-13T02:25:11.000,0xa160cdab225685da1d56aa342ad8841c3b53f291,0xb4227b744cb61d4ef8b67e526168b82448dbdeb1b52e97fd87cac1b468dc3846,0x555c0cc2dbee6bf52196ffb44896ff3052c13b53,0x94596b6a626392f5d972d6cc4d929a42c2f0008c,4,0.39383765409224997,0x03392600086874456e08d2bac104380bcdebcfc0,0xd90e2f925da726b50c4ed8d0fb90ad053324f31b,0,0.39383765409224997,0,1525,59.534,59.5,687500,7179182405,409300,null,null
1749781283,2025-06-13T02:21:23.000,0xa160cdab225685da1d56aa342ad8841c3b53f291,0x27845c4c05829971ba3276c69fc80c05a111449689e5043ff8b9a6db4cc34d28,0x555c0cc2dbee6bf52196ffb44896ff3052c13b53,0x94596b6a626392f5d972d6cc4d929a42c2f0008c,4,0.39345866730990003,0x03392600086874456e08d2bac104380bcdebcfc0,0xd90e2f925da726b50c4ed8d0fb90ad053324f31b,0,99.60654133269009,0,1524,63.169,63.2,687500,6105529507,434288,null,null
1749781283,2025-06-13T02:21:23.000,0xa160cdab225685da1d56aa342ad8841c3b53f291,0x27845c4c05829971ba3276c69fc80c05a111449689e5043ff8b9a6db4cc34d28,0x555c0cc2dbee6bf52196ffb44896ff3052c13b53,0x94596b6a626392f5d972d6cc4d929a42c2f0008c,4,0.39345866730990003,0x03392600086874456e08d2bac104380bcdebcfc0,0xd90e2f925da726b50c4ed8d0fb90ad053324f31b,0,0.39345866730990003,0,1524,63.169,63.2,687500,6105529507,434288,null,null
1749780935,2025-06-13T02:15:35.000,0xa160cdab225685da1d56aa342ad8841c3b53f291,0x2ad2bedbdbdad8d0e1c4b488c5befa059708bb0fa2d20cc22718e0d30e75b1f1,0x626dbf2ec9b4237cdc0b86ce65db2af3ff8c8158,0xda0b76cc92e94a6f972ed29c104bbe8d73c2f753,2,0.39392998646645,0x4af043aca08bbe1fa2ac78eb205ea353327aa5ce,0xd90e2f925da726b50c4ed8d0fb90ad053324f31b,0,99.60607001353355,0,624,63.172,63.2,687500,6583215016,434312,null,null
1749780935,2025-06-13T02:15:35.000,0xa160cdab225685da1d56aa342ad8841c3b53f291,0x2ad2bedbdbdad8d0e1c4b488c5befa059708bb0fa2d20cc22718e0d30e75b1f1,0x626dbf2ec9b4237cdc0b86ce65db2af3ff8c8158,0xda0b76cc92e94a6f972ed29c104bbe8d73c2f753,2,0.39392998646645,0x4af043aca08bbe1fa2ac78eb205ea353327aa5ce,0xd90e2f925da726b50c4ed8d0fb90ad053324f31b,0,0.39392998646645,0,624,63.172,63.2,687500,6583215016,434312,null,null
1749779435,2025-06-13T01:50:35.000,0xa160cdab225685da1d56aa342ad8841c3b53f291,0x04af34789bb19429f77a18498dc4d1697ce92e9fb433e31bdbe6c3f55c11c9ff,0x1793461ee39330a91fe6edfe89cbd63136009388,0xda0b76cc92e94a6f972ed29c104bbe8d73c2f753,2,0.3956444605723,0x4af043aca08bbe1fa2ac78eb205ea353327aa5ce,0xd90e2f925da726b50c4ed8d0fb90ad053324f31b,0,99.6043555394277,0,623,63.169,63.2,687500,10614698294,434288,null,null
1749779435,2025-06-13T01:50:35.000,0xa160cdab225685da1d56aa342ad8841c3b53f291,0x04af34789bb19429f77a18498dc4d1697ce92e9fb433e31bdbe6c3f55c11c9ff,0x1793461ee39330a91fe6edfe89cbd63136009388,0xda0b76cc92e94a6f972ed29c104bbe8d73c2f753,2,0.3956444605723,0x4af043aca08bbe1fa2ac78eb205ea353327aa5ce,0xd90e2f925da726b50c4ed8d0fb90ad053324f31b,0,0.3956444605723,0,623,63.169,63.2,687500,10614698294,434288,null,null
1749775331,2025-06-13T00:42:11.000,0xa160cdab225685da1d56aa342ad8841c3b53f291,0x68559b1364f4236cd21a0cc4ff80b62b4c1612636ed3232df673658beb32a42b,0x59082635c42a71dd3f955edbd72ae3fe01a41dd1,0xda0b76cc92e94a6f972ed29c104bbe8d73c2f753,4,0.40068362607345,0x4af043aca08bbe1fa2ac78eb205ea353327aa5ce,0xd90e2f925da726b50c4ed8d0fb90ad053324f31b,0,99.59931637392654,0,622,59.531,59.5,687500,18432533186,409276,null,null
1749775331,2025-06-13T00:42:11.000,0xa160cdab225685da1d56aa342ad8841c3b53f291,0x68559b1364f4236cd21a0cc4ff80b62b4c1612636ed3232df673658beb32a42b,0x59082635c42a71dd3f955edbd72ae3fe01a41dd1,0xda0b76cc92e94a6f972ed29c104bbe8d73c2f753,4,0.40068362607345,0x4af043aca08bbe1fa2ac78eb205ea353327aa5ce,0xd90e2f925da726b50c4ed8d0fb90ad053324f31b,0,0.40068362607345,0,622,59.531,59.5,687500,18432533186,409276,null,null
1749775271,2025-06-13T00:41:11.000,0xa160cdab225685da1d56aa342ad8841c3b53f291,0xa40df01196d00af4ac84bc407f88f4250c68a526ba7d17f629a83d250120332c,0x59082635c42a71dd3f955edbd72ae3fe01a41dd1,0xda0b76cc92e94a6f972ed29c104bbe8d73c2f753,4,0.400078933887,0x4af043aca08bbe1fa2ac78eb205ea353327aa5ce,0xd90e2f925da726b50c4ed8d0fb90ad053324f31b,0,99.59992106611301,0,621,59.529,59.5,687500,20084685432,409264,null,null
1749775271,2025-06-13T00:41:11.000,0xa160cdab225685da1d56aa342ad8841c3b53f291,0xa40df01196d00af4ac84bc407f88f4250c68a526ba7d17f629a83d250120332c,0x59082635c42a71dd3f955edbd72ae3fe01a41dd1,0xda0b76cc92e94a6f972ed29c104bbe8d73c2f753,4,0.400078933887,0x4af043aca08bbe1fa2ac78eb205ea353327aa5ce,0xd90e2f925da726b50c4ed8d0fb90ad053324f31b,0,0.400078933887,0,621,59.529,59.5,687500,20084685432,409264,null,null
1749753731,2025-06-12T18:42:11.000,0xa160cdab225685da1d56aa342ad8841c3b53f291,0x6523bcac53648135ad3f61259aff03f9d5aa93546e4b338bffe7c3e5c48aa0fe,0x4571751a483d3fccb2bdc1833659b3abfad9cdfc,0x69ce09ab548ffb0b46978fdabb44beb2344608d5,6,0.4025869475808,0x69ce09ab548ffb0b46978fdabb44beb2344608d5,0xd90e2f925da726b50c4ed8d0fb90ad053324f31b,0,99.5974130524192,0,87,59.169,59.2,687500,4643647343,406788,null,null
1749753731,2025-06-12T18:42:11.000,0xa160cdab225685da1d56aa342ad8841c3b53f291,0x6523bcac53648135ad3f61259aff03f9d5aa93546e4b338bffe7c3e5c48aa0fe,0x4571751a483d3fccb2bdc1833659b3abfad9cdfc,0x69ce09ab548ffb0b46978fdabb44beb2344608d5,6,0.4025869475808,0x69ce09ab548ffb0b46978fdabb44beb2344608d5,0xd90e2f925da726b50c4ed8d0fb90ad053324f31b,0,0.4025869475808,0,87,59.169,59.2,687500,4643647343,406788,null,null
1749753671,2025-06-12T18:41:11.000,0xa160cdab225685da1d56aa342ad8841c3b53f291,0x967e78ec4c8bccdc8fc472758365bb32bbc7838d50cd5d89a2bd7b70e1d4d8f9,0x4571751a483d3fccb2bdc1833659b3abfad9cdfc,0x69ce09ab548ffb0b46978fdabb44beb2344608d5,6,0.4024741916848,0x69ce09ab548ffb0b46978fdabb44beb2344608d5,0xd90e2f925da726b50c4ed8d0fb90ad053324f31b,0,99.5975258083152,0,86,62.807,62.8,687500,4607859221,431800,null,null
1749753671,2025-06-12T18:41:11.000,0xa160cdab225685da1d56aa342ad8841c3b53f291,0x967e78ec4c8bccdc8fc472758365bb32bbc7838d50cd5d89a2bd7b70e1d4d8f9,0x4571751a483d3fccb2bdc1833659b3abfad9cdfc,0x69ce09ab548ffb0b46978fdabb44beb2344608d5,6,0.4024741916848,0x69ce09ab548ffb0b46978fdabb44beb2344608d5,0xd90e2f925da726b50c4ed8d0fb90ad053324f31b,0,0.4024741916848,0,86,62.807,62.8,687500,4607859221,431800,null,null
1749752351,2025-06-12T18:19:11.000,0xa160cdab225685da1d56aa342ad8841c3b53f291,0x1aef4623d7fd17bc9b3ac55d11aa962a614f1edfdf119f8d0d805ffef041ee09,0x95b17f4c48d51c5a927220ab7516bcf3f9d5cd13,0x69ce09ab548ffb0b46978fdabb44beb2344608d5,4,0.402607178431,0x69ce09ab548ffb0b46978fdabb44beb2344608d5,0xd90e2f925da726b50c4ed8d0fb90ad053324f31b,0,99.597392821569,0,85,59.174,59.2,687500,5016642192,406824,null,null
1749752351,2025-06-12T18:19:11.000,0xa160cdab225685da1d56aa342ad8841c3b53f291,0x1aef4623d7fd17bc9b3ac55d11aa962a614f1edfdf119f8d0d805ffef041ee09,0x95b17f4c48d51c5a927220ab7516bcf3f9d5cd13,0x69ce09ab548ffb0b46978fdabb44beb2344608d5,4,0.402607178431,0x69ce09ab548ffb0b46978fdabb44beb2344608d5,0xd90e2f925da726b50c4ed8d0fb90ad053324f31b,0,0.402607178431,0,85,59.174,59.2,687500,5016642192,406824,null,null
1749752291,2025-06-12T18:18:11.000,0xa160cdab225685da1d56aa342ad8841c3b53f291,0x2a5702324d287607e5293775468bddf59778d03ad52609d945ea075a28b8d3d6,0x95b17f4c48d51c5a927220ab7516bcf3f9d5cd13,0x69ce09ab548ffb0b46978fdabb44beb2344608d5,4,0.4326918068122,0x69ce09ab548ffb0b46978fdabb44beb2344608d5,0xd90e2f925da726b50c4ed8d0fb90ad053324f31b,0,99.56730819318781,0,84,62.809,62.8,687500,4876966687,431812,null,null
1749752291,2025-06-12T18:18:11.000,0xa160cdab225685da1d56aa342ad8841c3b53f291,0x2a5702324d287607e5293775468bddf59778d03ad52609d945ea075a28b8d3d6,0x95b17f4c48d51c5a927220ab7516bcf3f9d5cd13,0x69ce09ab548ffb0b46978fdabb44beb2344608d5,4,0.4326918068122,0x69ce09ab548ffb0b46978fdabb44beb2344608d5,0xd90e2f925da726b50c4ed8d0fb90ad053324f31b,0,0.4326918068122,0,84,62.809,62.8,687500,4876966687,431812,null,null
1749751019,2025-06-12T17:56:59.000,0xa160cdab225685da1d56aa342ad8841c3b53f291,0x2f20372e6a05b5eb82b0d17b45d9d624c28b5b2700a63ce121493096756cc070,0x766f5f106c63c34291de7df25d11cc0774bdaa85,0x7d2a66f05d2bb0ff4dc856eb317196c59ac3e932,6,0.4029312122422,0x7d2a66f05d2bb0ff4dc856eb317196c59ac3e932,0xd90e2f925da726b50c4ed8d0fb90ad053324f31b,0,99.59706878775779,0,450,59.172,59.2,687500,5328614032,406812,null,null
1749751019,2025-06-12T17:56:59.000,0xa160cdab225685da1d56aa342ad8841c3b53f291,0x2f20372e6a05b5eb82b0d17b45d9d624c28b5b2700a63ce121493096756cc070,0x766f5f106c63c34291de7df25d11cc0774bdaa85,0x7d2a66f05d2bb0ff4dc856eb317196c59ac3e932,6,0.4029312122422,0x7d2a66f05d2bb0ff4dc856eb317196c59ac3e932,0xd90e2f925da726b50c4ed8d0fb90ad053324f31b,0,0.4029312122422,0,450,59.172,59.2,687500,5328614032,406812,null,null
1749750959,2025-06-12T17:55:59.000,0xa160cdab225685da1d56aa342ad8841c3b53f291,0xe54f6e8455ffbb280c6a97a387ec40001877602dee40e007dd62a56f351fb162,0x766f5f106c63c34291de7df25d11cc0774bdaa85,0x7d2a66f05d2bb0ff4dc856eb317196c59ac3e932,6,0.40296830857785,0x7d2a66f05d2bb0ff4dc856eb317196c59ac3e932,0xd90e2f925da726b50c4ed8d0fb90ad053324f31b,0,99.59703169142216,0,449,59.172,59.2,687500,5390059986,406812,null,null
1749750959,2025-06-12T17:55:59.000,0xa160cdab225685da1d56aa342ad8841c3b53f291,0xe54f6e8455ffbb280c6a97a387ec40001877602dee40e007dd62a56f351fb162,0x766f5f106c63c34291de7df25d11cc0774bdaa85,0x7d2a66f05d2bb0ff4dc856eb317196c59ac3e932,6,0.40296830857785,0x7d2a66f05d2bb0ff4dc856eb317196c59ac3e932,0xd90e2f925da726b50c4ed8d0fb90ad053324f31b,0,0.40296830857785,0,449,59.172,59.2,687500,5390059986,406812,null,null
1749750899,2025-06-12T17:54:59.000,0xa160cdab225685da1d56aa342ad8841c3b53f291,0x2f6da9d977b9195a123a229dcecced7b4fe69a6ee0460a00eb062db0f67f635d,0x766f5f106c63c34291de7df25d11cc0774bdaa85,0x7d2a66f05d2bb0ff4dc856eb317196c59ac3e932,6,0.40310670823485,0x7d2a66f05d2bb0ff4dc856eb317196c59ac3e932,0xd90e2f925da726b50c4ed8d0fb90ad053324f31b,0,99.59689329176516,0,448,62.809,62.8,687500,5585785450,431812,null,null
1749750899,2025-06-12T17:54:59.000,0xa160cdab225685da1d56aa342ad8841c3b53f291,0x2f6da9d977b9195a123a229dcecced7b4fe69a6ee0460a00eb062db0f67f635d,0x766f5f106c63c34291de7df25d11cc0774bdaa85,0x7d2a66f05d2bb0ff4dc856eb317196c59ac3e932,6,0.40310670823485,0x7d2a66f05d2bb0ff4dc856eb317196c59ac3e932,0xd90e2f925da726b50c4ed8d0fb90ad053324f31b,0,0.40310670823485,0,448,62.809,62.8,687500,5585785450,431812,null,null
1749744575,2025-06-12T16:09:35.000,0xa160cdab225685da1d56aa342ad8841c3b53f291,0x6b72e0a55e0a6b8e4f52fecce35e3b9678dded037c1b0d4a351d13729c142311,0x910884e73ea8e8736e5aaf07e706faed6de28841,0x7d2a66f05d2bb0ff4dc856eb317196c59ac3e932,2,0.40480148459009996,0x7d2a66f05d2bb0ff4dc856eb317196c59ac3e932,0xd90e2f925da726b50c4ed8d0fb90ad053324f31b,0,99.59519851540989,0,443,62.81,62.8,687500,8871850205,431824,null,null
1749744575,2025-06-12T16:09:35.000,0xa160cdab225685da1d56aa342ad8841c3b53f291,0x6b72e0a55e0a6b8e4f52fecce35e3b9678dded037c1b0d4a351d13729c142311,0x910884e73ea8e8736e5aaf07e706faed6de28841,0x7d2a66f05d2bb0ff4dc856eb317196c59ac3e932,2,0.40480148459009996,0x7d2a66f05d2bb0ff4dc856eb317196c59ac3e932,0xd90e2f925da726b50c4ed8d0fb90ad053324f31b,0,0.40480148459009996,0,443,62.81,62.8,687500,8871850205,431824,null,null
1749743963,2025-06-12T15:59:23.000,0xa160cdab225685da1d56aa342ad8841c3b53f291,0x0e0c109038e46b9ac580f78b3c726c3a1df0e0e3e6c0f8e264a1326241f38e57,0x6a197715582bd55a3a5919ca9336acec4734c913,0x69ce09ab548ffb0b46978fdabb44beb2344608d5,2,0.4058513295038,0x69ce09ab548ffb0b46978fdabb44beb2344608d5,0xd90e2f925da726b50c4ed8d0fb90ad053324f31b,0,99.5941486704962,0,79,62.807,62.8,687500,10638780916,431800,null,null
1749743963,2025-06-12T15:59:23.000,0xa160cdab225685da1d56aa342ad8841c3b53f291,0x0e0c109038e46b9ac580f78b3c726c3a1df0e0e3e6c0f8e264a1326241f38e57,0x6a197715582bd55a3a5919ca9336acec4734c913,0x69ce09ab548ffb0b46978fdabb44beb2344608d5,2,0.4058513295038,0x69ce09ab548ffb0b46978fdabb44beb2344608d5,0xd90e2f925da726b50c4ed8d0fb90ad053324f31b,0,0.4058513295038,0,79,62.807,62.8,687500,10638780916,431800,null,null
1749730823,2025-06-12T12:20:23.000,0xa160cdab225685da1d56aa342ad8841c3b53f291,0x11408702942f34d724a428d86b386db6defde5d7a5041935ec8ce935f1c8680e,0x77961cb8d12cb5be32ddf981e4f37ccf06a1ae81,0x4750bcfcc340aa4b31be7e71fa072716d28c29c5,2,0.43421387158830005,0x4750bcfcc340aa4b31be7e71fa072716d28c29c5,0xd90e2f925da726b50c4ed8d0fb90ad053324f31b,0,99.5657861284117,0,4199,62.807,62.8,687500,7295024260,431800,null,null
1749730823,2025-06-12T12:20:23.000,0xa160cdab225685da1d56aa342ad8841c3b53f291,0x11408702942f34d724a428d86b386db6defde5d7a5041935ec8ce935f1c8680e,0x77961cb8d12cb5be32ddf981e4f37ccf06a1ae81,0x4750bcfcc340aa4b31be7e71fa072716d28c29c5,2,0.43421387158830005,0x4750bcfcc340aa4b31be7e71fa072716d28c29c5,0xd90e2f925da726b50c4ed8d0fb90ad053324f31b,0,0.43421387158830005,0,4199,62.807,62.8,687500,7295024260,431800,null,null
1749728327,2025-06-12T11:38:47.000,0xa160cdab225685da1d56aa342ad8841c3b53f291,0x9bc117c57daba21b4c3ca710aeef316406cc240543be54e9a72f562f9a177703,0x7a79969a0b9d51d922c4810d2950560360f6f234,0x0000000000000000000000000000000000000000,22,0,0x7a79969a0b9d51d922c4810d2950560360f6f234,0xd90e2f925da726b50c4ed8d0fb90ad053324f31b,0,100,2,76,64.318,64.3,550000,5161872639,353753,5282109982,3000000000
1749728195,2025-06-12T11:36:35.000,0xa160cdab225685da1d56aa342ad8841c3b53f291,0x02519af6c4e182d3edd3a776aa4b640c83e3f13bae2c5937968bed28d07b27d2,0x7a79969a0b9d51d922c4810d2950560360f6f234,0x0000000000000000000000000000000000000000,22,0,0x7a79969a0b9d51d922c4810d2950560360f6f234,0xd90e2f925da726b50c4ed8d0fb90ad053324f31b,0,100,2,75,63.892,63.9,550000,5019816338,351410,5019816338,3000000000
1749728111,2025-06-12T11:35:11.000,0xa160cdab225685da1d56aa342ad8841c3b53f291,0x452864d495142f28a4c71325fdab504cfd25c89d2b3b7cc150c78d2b643ab9a1,0x7a79969a0b9d51d922c4810d2950560360f6f234,0x0000000000000000000000000000000000000000,22,0,0x7a79969a0b9d51d922c4810d2950560360f6f234,0xd90e2f925da726b50c4ed8d0fb90ad053324f31b,0,100,2,74,63.466,63.5,550000,4763140280,349067,4839138257,3000000000
1749728027,2025-06-12T11:33:47.000,0xa160cdab225685da1d56aa342ad8841c3b53f291,0x1084d32e9ff8e645a4289deb546dcae0751c54c0ee2917607023b70434791450,0x7a79969a0b9d51d922c4810d2950560360f6f234,0x0000000000000000000000000000000000000000,22,0,0x7a79969a0b9d51d922c4810d2950560360f6f234,0xd90e2f925da726b50c4ed8d0fb90ad053324f31b,0,100,2,73,63.894,63.9,550000,4823191499,351422,4848598639,3000000000
1749727931,2025-06-12T11:32:11.000,0xa160cdab225685da1d56aa342ad8841c3b53f291,0x402463e917495bc7685c7dc4e07bbe8026ca0cb4984890fec35f6aeb7cda3081,0x7a79969a0b9d51d922c4810d2950560360f6f234,0x0000000000000000000000000000000000000000,22,0,0x7a79969a0b9d51d922c4810d2950560360f6f234,0xd90e2f925da726b50c4ed8d0fb90ad053324f31b,0,100,2,72,63.888,63.9,550000,4863976221,351386,4863976221,3000000000
1749718247,2025-06-12T08:50:47.000,0xa160cdab225685da1d56aa342ad8841c3b53f291,0xd52d88c1d235adea51dcdfde203346533689d37e12b1216a9ee3b98b2b93f4b4,0xdf05cc20240c9ec0fbb7756deb06d619c3d11d61,0x4750bcfcc340aa4b31be7e71fa072716d28c29c5,2,0.4325418550586,0x4750bcfcc340aa4b31be7e71fa072716d28c29c5,0xd90e2f925da726b50c4ed8d0fb90ad053324f31b,0,99.5674581449414,0,4195,62.807,62.8,687500,4667402332,431800,null,null
1749718247,2025-06-12T08:50:47.000,0xa160cdab225685da1d56aa342ad8841c3b53f291,0xd52d88c1d235adea51dcdfde203346533689d37e12b1216a9ee3b98b2b93f4b4,0xdf05cc20240c9ec0fbb7756deb06d619c3d11d61,0x4750bcfcc340aa4b31be7e71fa072716d28c29c5,2,0.4325418550586,0x4750bcfcc340aa4b31be7e71fa072716d28c29c5,0xd90e2f925da726b50c4ed8d0fb90ad053324f31b,0,0.4325418550586,0,4195,62.807,62.8,687500,4667402332,431800,null,null
1749713171,2025-06-12T07:26:11.000,0xa160cdab225685da1d56aa342ad8841c3b53f291,0xd025ad552e3a83399fd4f64d4f7fc48159eec84bf0595144e3a7aabe205cc406,0x5fae09e4d3ee9b6d4d628871db3a7e8b18e8776a,0x2ee39ff05643bc7cc9ed31b71e142429044a425c,4,0.39237652958895003,0x2ee39ff05643bc7cc9ed31b71e142429044a425c,0xd90e2f925da726b50c4ed8d0fb90ad053324f31b,0,0.39237652958895003,0,2472,59.167,59.2,687500,4345603233,406776,null,null
1749713171,2025-06-12T07:26:11.000,0xa160cdab225685da1d56aa342ad8841c3b53f291,0xd025ad552e3a83399fd4f64d4f7fc48159eec84bf0595144e3a7aabe205cc406,0x5fae09e4d3ee9b6d4d628871db3a7e8b18e8776a,0x2ee39ff05643bc7cc9ed31b71e142429044a425c,4,0.39237652958895003,0x2ee39ff05643bc7cc9ed31b71e142429044a425c,0xd90e2f925da726b50c4ed8d0fb90ad053324f31b,0,99.60762347041106,0,2472,59.167,59.2,687500,4345603233,406776,null,null
1749711983,2025-06-12T07:06:23.000,0xa160cdab225685da1d56aa342ad8841c3b53f291,0xd045677bcf309dd61b44048894616b7b852fb21a6a05c722ed146efaeff9f96c,0x5fae09e4d3ee9b6d4d628871db3a7e8b18e8776a,0x2ee39ff05643bc7cc9ed31b71e142429044a425c,4,0.3920824981617,0x2ee39ff05643bc7cc9ed31b71e142429044a425c,0xd90e2f925da726b50c4ed8d0fb90ad053324f31b,0,99.6079175018383,0,2471,62.809,62.8,687500,3800184648,431812,null,null
1749711983,2025-06-12T07:06:23.000,0xa160cdab225685da1d56aa342ad8841c3b53f291,0xd045677bcf309dd61b44048894616b7b852fb21a6a05c722ed146efaeff9f96c,0x5fae09e4d3ee9b6d4d628871db3a7e8b18e8776a,0x2ee39ff05643bc7cc9ed31b71e142429044a425c,4,0.3920824981617,0x2ee39ff05643bc7cc9ed31b71e142429044a425c,0xd90e2f925da726b50c4ed8d0fb90ad053324f31b,0,0.3920824981617,0,2471,62.809,62.8,687500,3800184648,431812,null,null
1749711647,2025-06-12T07:00:47.000,0xa160cdab225685da1d56aa342ad8841c3b53f291,0x58850b053be359f8939948ded05fb4178d53d78b8421ba78c4f7a8d60e0760da,0xfab0d5fa8eb04d1fb96cdffd5f89582596a70a22,0xc49415493eb3ec64a0f13d8aa5056f1cfc4ce35c,2,0.4020404090806,0xc49415493eb3ec64a0f13d8aa5056f1cfc4ce35c,0xd90e2f925da726b50c4ed8d0fb90ad053324f31b,0,99.5979595909194,2,3754,62.81,62.8,687500,1689780172,431824,1724583106,1000000000
1749711647,2025-06-12T07:00:47.000,0xa160cdab225685da1d56aa342ad8841c3b53f291,0x58850b053be359f8939948ded05fb4178d53d78b8421ba78c4f7a8d60e0760da,0xfab0d5fa8eb04d1fb96cdffd5f89582596a70a22,0xc49415493eb3ec64a0f13d8aa5056f1cfc4ce35c,2,0.4020404090806,0xc49415493eb3ec64a0f13d8aa5056f1cfc4ce35c,0xd90e2f925da726b50c4ed8d0fb90ad053324f31b,0,0.4020404090806,2,3754,62.81,62.8,687500,1689780172,431824,1724583106,1000000000
1749710171,2025-06-12T06:36:11.000,0xa160cdab225685da1d56aa342ad8841c3b53f291,0xd4519f5ee711d2501f839f859927ab33a3815a86a2f78606ed76e331bee2692c,0xb90333d1f39bf5204d125e6030dea93266e85007,0x3a1d526d09b7e59fd88de4726f68a8246ddc2742,2,0.43204916273870003,0x3a1d526d09b7e59fd88de4726f68a8246ddc2742,0xd90e2f925da726b50c4ed8d0fb90ad053324f31b,0,0.43204916273870003,0,6629,62.81,62.8,687500,3718695660,431824,null,null
1749710171,2025-06-12T06:36:11.000,0xa160cdab225685da1d56aa342ad8841c3b53f291,0xd4519f5ee711d2501f839f859927ab33a3815a86a2f78606ed76e331bee2692c,0xb90333d1f39bf5204d125e6030dea93266e85007,0x3a1d526d09b7e59fd88de4726f68a8246ddc2742,2,0.43204916273870003,0x3a1d526d09b7e59fd88de4726f68a8246ddc2742,0xd90e2f925da726b50c4ed8d0fb90ad053324f31b,0,99.56795083726131,0,6629,62.81,62.8,687500,3718695660,431824,null,null
1749707699,2025-06-12T05:54:59.000,0xa160cdab225685da1d56aa342ad8841c3b53f291,0x8338d3ac91a07a6ee282ddf3f343bfc651062c99e78ac4bac85460c433a38446,0x0fa591fad92ab6ae102e2509f0fbbe859537029b,0xe5a4c70113b90566bc5f80a3866935d0d52f990e,2,0.40203808180895,0xe5a4c70113b90566bc5f80a3866935d0d52f990e,0xd90e2f925da726b50c4ed8d0fb90ad053324f31b,0,99.59796191819105,0,272,62.81,62.8,687500,3824180898,431824,null,null
1749707699,2025-06-12T05:54:59.000,0xa160cdab225685da1d56aa342ad8841c3b53f291,0x8338d3ac91a07a6ee282ddf3f343bfc651062c99e78ac4bac85460c433a38446,0x0fa591fad92ab6ae102e2509f0fbbe859537029b,0xe5a4c70113b90566bc5f80a3866935d0d52f990e,2,0.40203808180895,0xe5a4c70113b90566bc5f80a3866935d0d52f990e,0xd90e2f925da726b50c4ed8d0fb90ad053324f31b,0,0.40203808180895,0,272,62.81,62.8,687500,3824180898,431824,null,null
1749706847,2025-06-12T05:40:47.000,0xa160cdab225685da1d56aa342ad8841c3b53f291,0x7a932bbec5445e7b3071d072262cd203cd44704c6057373512a976300031d57f,0xef45a84c99c2c78df9bad693f9a461a5bfea5001,0xe5a4c70113b90566bc5f80a3866935d0d52f990e,2,0.4021101494458,0xe5a4c70113b90566bc5f80a3866935d0d52f990e,0xd90e2f925da726b50c4ed8d0fb90ad053324f31b,0,0.4021101494458,0,271,62.807,62.8,687500,3852889578,431800,null,null
1749706847,2025-06-12T05:40:47.000,0xa160cdab225685da1d56aa342ad8841c3b53f291,0x7a932bbec5445e7b3071d072262cd203cd44704c6057373512a976300031d57f,0xef45a84c99c2c78df9bad693f9a461a5bfea5001,0xe5a4c70113b90566bc5f80a3866935d0d52f990e,2,0.4021101494458,0xe5a4c70113b90566bc5f80a3866935d0d52f990e,0xd90e2f925da726b50c4ed8d0fb90ad053324f31b,0,99.59788985055421,0,271,62.807,62.8,687500,3852889578,431800,null,null
1749703439,2025-06-12T04:43:59.000,0xa160cdab225685da1d56aa342ad8841c3b53f291,0x137a65f8ba187fc93991b99348abde2356d619f5f8d1e6000d6b1a30c91f49a5,0xea19ca4fa68ecb3ccfb465d2bb0001d797b93804,0x94596b6a626392f5d972d6cc4d929a42c2f0008c,2,0.3921234733102,0x03392600086874456e08d2bac104380bcdebcfc0,0xd90e2f925da726b50c4ed8d0fb90ad053324f31b,0,0.3921234733102,0,1521,63.167,63.2,687500,3806674823,434276,null,null
1749703439,2025-06-12T04:43:59.000,0xa160cdab225685da1d56aa342ad8841c3b53f291,0x137a65f8ba187fc93991b99348abde2356d619f5f8d1e6000d6b1a30c91f49a5,0xea19ca4fa68ecb3ccfb465d2bb0001d797b93804,0x94596b6a626392f5d972d6cc4d929a42c2f0008c,2,0.3921234733102,0x03392600086874456e08d2bac104380bcdebcfc0,0xd90e2f925da726b50c4ed8d0fb90ad053324f31b,0,99.6078765266898,0,1521,63.167,63.2,687500,3806674823,434276,null,null
1749703007,2025-06-12T04:36:47.000,0xa160cdab225685da1d56aa342ad8841c3b53f291,0xa67580a4c67b36f416a757e2a2791117cbe432a852d0eeff2f35f2faf7b33b6c,0xc7947420144d5702b5879b52de75652f9ab77b85,0x94596b6a626392f5d972d6cc4d929a42c2f0008c,2,0.39210597017345,0x03392600086874456e08d2bac104380bcdebcfc0,0xd90e2f925da726b50c4ed8d0fb90ad053324f31b,0,99.60789402982655,0,1520,63.17,63.2,687500,3783066064,434300,null,null
1749703007,2025-06-12T04:36:47.000,0xa160cdab225685da1d56aa342ad8841c3b53f291,0xa67580a4c67b36f416a757e2a2791117cbe432a852d0eeff2f35f2faf7b33b6c,0xc7947420144d5702b5879b52de75652f9ab77b85,0x94596b6a626392f5d972d6cc4d929a42c2f0008c,2,0.39210597017345,0x03392600086874456e08d2bac104380bcdebcfc0,0xd90e2f925da726b50c4ed8d0fb90ad053324f31b,0,0.39210597017345,0,1520,63.17,63.2,687500,3783066064,434300,null,null
1749702143,2025-06-12T04:22:23.000,0xa160cdab225685da1d56aa342ad8841c3b53f291,0xdaa790a1545bfaf269802ef6744b1b4740055ad4ffe5f6734b18251e618f4359,0x30ac00ae7e977aafeb17a0cf0efe0e19d9c49936,0x94596b6a626392f5d972d6cc4d929a42c2f0008c,2,0.3923983722488,0x03392600086874456e08d2bac104380bcdebcfc0,0xd90e2f925da726b50c4ed8d0fb90ad053324f31b,0,99.60760162775121,0,1519,63.167,63.2,687500,4373319492,434276,null,null
1749702143,2025-06-12T04:22:23.000,0xa160cdab225685da1d56aa342ad8841c3b53f291,0xdaa790a1545bfaf269802ef6744b1b4740055ad4ffe5f6734b18251e618f4359,0x30ac00ae7e977aafeb17a0cf0efe0e19d9c49936,0x94596b6a626392f5d972d6cc4d929a42c2f0008c,2,0.3923983722488,0x03392600086874456e08d2bac104380bcdebcfc0,0xd90e2f925da726b50c4ed8d0fb90ad053324f31b,0,0.3923983722488,0,1519,63.167,63.2,687500,4373319492,434276,null,null
1749700019,2025-06-12T03:46:59.000,0xa160cdab225685da1d56aa342ad8841c3b53f291,0x46f96e7f500f8976076a679fea465e3e39f685bce440d1b004878b8b81c260ab,0x046df3c9572e5eeef5bf64a4d3c24e62fb35835c,0x94596b6a626392f5d972d6cc4d929a42c2f0008c,2,0.39222884672395003,0x03392600086874456e08d2bac104380bcdebcfc0,0xd90e2f925da726b50c4ed8d0fb90ad053324f31b,0,99.60777115327605,0,1518,63.167,63.2,687500,3898992110,434276,null,null
1749700019,2025-06-12T03:46:59.000,0xa160cdab225685da1d56aa342ad8841c3b53f291,0x46f96e7f500f8976076a679fea465e3e39f685bce440d1b004878b8b81c260ab,0x046df3c9572e5eeef5bf64a4d3c24e62fb35835c,0x94596b6a626392f5d972d6cc4d929a42c2f0008c,2,0.39222884672395003,0x03392600086874456e08d2bac104380bcdebcfc0,0xd90e2f925da726b50c4ed8d0fb90ad053324f31b,0,0.39222884672395003,0,1518,63.167,63.2,687500,3898992110,434276,null,null
1749699875,2025-06-12T03:44:35.000,0xa160cdab225685da1d56aa342ad8841c3b53f291,0xd551455d03451348fa0f26afa67c4966225653ec6d3cb9c3db25c6e120f44898,0x3ce9d3a63259fcfa4bfdc72370066c6fedbca1fa,0x94596b6a626392f5d972d6cc4d929a42c2f0008c,2,0.39216923741924997,0x03392600086874456e08d2bac104380bcdebcfc0,0xd90e2f925da726b50c4ed8d0fb90ad053324f31b,0,99.60783076258076,0,1517,63.17,63.2,687500,4063709595,434300,null,null
1749699875,2025-06-12T03:44:35.000,0xa160cdab225685da1d56aa342ad8841c3b53f291,0xd551455d03451348fa0f26afa67c4966225653ec6d3cb9c3db25c6e120f44898,0x3ce9d3a63259fcfa4bfdc72370066c6fedbca1fa,0x94596b6a626392f5d972d6cc4d929a42c2f0008c,2,0.39216923741924997,0x03392600086874456e08d2bac104380bcdebcfc0,0xd90e2f925da726b50c4ed8d0fb90ad053324f31b,0,0.39216923741924997,0,1517,63.17,63.2,687500,4063709595,434300,null,null
1749699275,2025-06-12T03:34:35.000,0xa160cdab225685da1d56aa342ad8841c3b53f291,0xa74806cfae977fa07064901cef5d3dd303a0e5d70995256a03547a4a92e37bf6,0x9130e3b611473936a5db8718a6872c56ca5353cb,0x94596b6a626392f5d972d6cc4d929a42c2f0008c,2,0.3925554401532,0x03392600086874456e08d2bac104380bcdebcfc0,0xd90e2f925da726b50c4ed8d0fb90ad053324f31b,0,99.6074445598468,0,1516,63.169,63.2,687500,4440481834,434288,null,null
1749699275,2025-06-12T03:34:35.000,0xa160cdab225685da1d56aa342ad8841c3b53f291,0xa74806cfae977fa07064901cef5d3dd303a0e5d70995256a03547a4a92e37bf6,0x9130e3b611473936a5db8718a6872c56ca5353cb,0x94596b6a626392f5d972d6cc4d929a42c2f0008c,2,0.3925554401532,0x03392600086874456e08d2bac104380bcdebcfc0,0xd90e2f925da726b50c4ed8d0fb90ad053324f31b,0,0.3925554401532,0,1516,63.169,63.2,687500,4440481834,434288,null,null
1749699023,2025-06-12T03:30:23.000,0xa160cdab225685da1d56aa342ad8841c3b53f291,0x39a9c9544a90f6c2132d241c5e90971f188008cb82e99dc6f3a09688785204d7,0xe3223313dbc6809ab2cedb019a662f8bfb648f10,0x2ee39ff05643bc7cc9ed31b71e142429044a425c,2,0.4024758545372,0x2ee39ff05643bc7cc9ed31b71e142429044a425c,0xd90e2f925da726b50c4ed8d0fb90ad053324f31b,0,99.5975241454628,0,2469,62.81,62.8,687500,4349194947,431824,null,null
1749699023,2025-06-12T03:30:23.000,0xa160cdab225685da1d56aa342ad8841c3b53f291,0x39a9c9544a90f6c2132d241c5e90971f188008cb82e99dc6f3a09688785204d7,0xe3223313dbc6809ab2cedb019a662f8bfb648f10,0x2ee39ff05643bc7cc9ed31b71e142429044a425c,2,0.4024758545372,0x2ee39ff05643bc7cc9ed31b71e142429044a425c,0xd90e2f925da726b50c4ed8d0fb90ad053324f31b,0,0.4024758545372,0,2469,62.81,62.8,687500,4349194947,431824,null,null
1749696587,2025-06-12T02:49:47.000,0xa160cdab225685da1d56aa342ad8841c3b53f291,0x21315eaee120b6b18d577f34b4b35880ccf589e2460988f3eea49f53db249c8a,0x2199b96d8a9e469fe17dd35387d65d7c4110e076,0xe5a4c70113b90566bc5f80a3866935d0d52f990e,2,0.4021980700456,0xe5a4c70113b90566bc5f80a3866935d0d52f990e,0xd90e2f925da726b50c4ed8d0fb90ad053324f31b,0,99.5978019299544,0,270,62.809,62.8,687500,4000318056,431812,null,null
1749696587,2025-06-12T02:49:47.000,0xa160cdab225685da1d56aa342ad8841c3b53f291,0x21315eaee120b6b18d577f34b4b35880ccf589e2460988f3eea49f53db249c8a,0x2199b96d8a9e469fe17dd35387d65d7c4110e076,0xe5a4c70113b90566bc5f80a3866935d0d52f990e,2,0.4021980700456,0xe5a4c70113b90566bc5f80a3866935d0d52f990e,0xd90e2f925da726b50c4ed8d0fb90ad053324f31b,0,0.4021980700456,0,270,62.809,62.8,687500,4000318056,431812,null,null
1749696179,2025-06-12T02:42:59.000,0xa160cdab225685da1d56aa342ad8841c3b53f291,0xe13354c035af7bf610c48db6714bdecfe4d45ecee1c16631a4495d07a39e5b56,0x63e12915eda5b13d8f7589f96b73006694ce77dd,0xc6398b4e8b60720051ed33f5c5a692f9785f5580,2,0.43220413028275,0xc6398b4e8b60720051ed33f5c5a692f9785f5580,0xd90e2f925da726b50c4ed8d0fb90ad053324f31b,0,99.56779586971724,0,457,62.8,62.8,687500,4138399586,431752,null,null
1749696179,2025-06-12T02:42:59.000,0xa160cdab225685da1d56aa342ad8841c3b53f291,0xe13354c035af7bf610c48db6714bdecfe4d45ecee1c16631a4495d07a39e5b56,0x63e12915eda5b13d8f7589f96b73006694ce77dd,0xc6398b4e8b60720051ed33f5c5a692f9785f5580,2,0.43220413028275,0xc6398b4e8b60720051ed33f5c5a692f9785f5580,0xd90e2f925da726b50c4ed8d0fb90ad053324f31b,0,0.43220413028275,0,457,62.8,62.8,687500,4138399586,431752,null,null
1749695243,2025-06-12T02:27:23.000,0xa160cdab225685da1d56aa342ad8841c3b53f291,0x378088eb06194937fc102617610b0106bcfd07829cb78123a90523c8ef8aec52,0xfcc61abb1665bd37ec33bb1a8454f10076d4c2c4,0xda0b76cc92e94a6f972ed29c104bbe8d73c2f753,2,0.40232088462649995,0x4af043aca08bbe1fa2ac78eb205ea353327aa5ce,0xd90e2f925da726b50c4ed8d0fb90ad053324f31b,0,99.5976791153735,0,611,63.17,63.2,687500,4066992496,434300,null,null
1749695243,2025-06-12T02:27:23.000,0xa160cdab225685da1d56aa342ad8841c3b53f291,0x378088eb06194937fc102617610b0106bcfd07829cb78123a90523c8ef8aec52,0xfcc61abb1665bd37ec33bb1a8454f10076d4c2c4,0xda0b76cc92e94a6f972ed29c104bbe8d73c2f753,2,0.40232088462649995,0x4af043aca08bbe1fa2ac78eb205ea353327aa5ce,0xd90e2f925da726b50c4ed8d0fb90ad053324f31b,0,0.40232088462649995,0,611,63.17,63.2,687500,4066992496,434300,null,null
1749689039,2025-06-12T00:43:59.000,0xa160cdab225685da1d56aa342ad8841c3b53f291,0x435cf37a4cb2cb90023fb8d86a01d3ac022d545fd5dbff8b0c19ecf88e338643,0xaeb29cae061a1480791e9da53e02c83ff3d2d582,0x94596b6a626392f5d972d6cc4d929a42c2f0008c,2,0.39247150622235,0x03392600086874456e08d2bac104380bcdebcfc0,0xd90e2f925da726b50c4ed8d0fb90ad053324f31b,0,99.60752849377765,0,1515,63.169,63.2,687500,4521204502,434288,null,null
1749689039,2025-06-12T00:43:59.000,0xa160cdab225685da1d56aa342ad8841c3b53f291,0x435cf37a4cb2cb90023fb8d86a01d3ac022d545fd5dbff8b0c19ecf88e338643,0xaeb29cae061a1480791e9da53e02c83ff3d2d582,0x94596b6a626392f5d972d6cc4d929a42c2f0008c,2,0.39247150622235,0x03392600086874456e08d2bac104380bcdebcfc0,0xd90e2f925da726b50c4ed8d0fb90ad053324f31b,0,0.39247150622235,0,1515,63.169,63.2,687500,4521204502,434288,null,null
1749685115,2025-06-11T23:38:35.000,0xa160cdab225685da1d56aa342ad8841c3b53f291,0x1f7cb4da1c8c494b7ea27e4ac83543e0164cd4059c22f29ec448580f4a65a2c5,0x00d4087a73f9670dc4960d32b66d813c78f650ac,0x2ee39ff05643bc7cc9ed31b71e142429044a425c,2,0.39247965081430003,0x2ee39ff05643bc7cc9ed31b71e142429044a425c,0xd90e2f925da726b50c4ed8d0fb90ad053324f31b,0,99.6075203491857,0,2461,62.805,62.8,687500,4641377395,431788,null,null
1749685115,2025-06-11T23:38:35.000,0xa160cdab225685da1d56aa342ad8841c3b53f291,0x1f7cb4da1c8c494b7ea27e4ac83543e0164cd4059c22f29ec448580f4a65a2c5,0x00d4087a73f9670dc4960d32b66d813c78f650ac,0x2ee39ff05643bc7cc9ed31b71e142429044a425c,2,0.39247965081430003,0x2ee39ff05643bc7cc9ed31b71e142429044a425c,0xd90e2f925da726b50c4ed8d0fb90ad053324f31b,0,0.39247965081430003,0,2461,62.805,62.8,687500,4641377395,431788,null,null
1749677963,2025-06-11T21:39:23.000,0xa160cdab225685da1d56aa342ad8841c3b53f291,0x6bc9894b0972bbe632fd19386d3a87d662e7929a2322d126565656a5e3365632,0x9ebbb82680dfc72237ccbc177e4a30c851fdd67c,0x2ee39ff05643bc7cc9ed31b71e142429044a425c,4,0.3933523838986,0x2ee39ff05643bc7cc9ed31b71e142429044a425c,0xd90e2f925da726b50c4ed8d0fb90ad053324f31b,0,99.6066476161014,0,2460,59.172,59.2,687500,6739441013,406812,null,null
1749677963,2025-06-11T21:39:23.000,0xa160cdab225685da1d56aa342ad8841c3b53f291,0x6bc9894b0972bbe632fd19386d3a87d662e7929a2322d126565656a5e3365632,0x9ebbb82680dfc72237ccbc177e4a30c851fdd67c,0x2ee39ff05643bc7cc9ed31b71e142429044a425c,4,0.3933523838986,0x2ee39ff05643bc7cc9ed31b71e142429044a425c,0xd90e2f925da726b50c4ed8d0fb90ad053324f31b,0,0.3933523838986,0,2460,59.172,59.2,687500,6739441013,406812,null,null
1749677879,2025-06-11T21:37:59.000,0xa160cdab225685da1d56aa342ad8841c3b53f291,0xea8902b423427bf9725616e48e1eae4db94a79b7df1d0c7d5441f1fc2785ffbd,0x9ebbb82680dfc72237ccbc177e4a30c851fdd67c,0x2ee39ff05643bc7cc9ed31b71e142429044a425c,4,0.39343071077965,0x2ee39ff05643bc7cc9ed31b71e142429044a425c,0xd90e2f925da726b50c4ed8d0fb90ad053324f31b,0,99.60656928922036,0,2459,62.807,62.8,687500,6200628763,431800,null,null
1749677879,2025-06-11T21:37:59.000,0xa160cdab225685da1d56aa342ad8841c3b53f291,0xea8902b423427bf9725616e48e1eae4db94a79b7df1d0c7d5441f1fc2785ffbd,0x9ebbb82680dfc72237ccbc177e4a30c851fdd67c,0x2ee39ff05643bc7cc9ed31b71e142429044a425c,4,0.39343071077965,0x2ee39ff05643bc7cc9ed31b71e142429044a425c,0xd90e2f925da726b50c4ed8d0fb90ad053324f31b,0,0.39343071077965,0,2459,62.807,62.8,687500,6200628763,431800,null,null
1749671807,2025-06-11T19:56:47.000,0xa160cdab225685da1d56aa342ad8841c3b53f291,0x59a024f488e36b76692b05c78e63ba088aa131b702c11c8d8d79cabc83af3ca2,0x8a616cf7f277858df1f8f985f6aed9977f6ba5a7,0xd04e9f0945dea8373d882c730e2c93a74b591796,8,0.42281584964155,0xd04e9f0945dea8373d882c730e2c93a74b591796,0xd90e2f925da726b50c4ed8d0fb90ad053324f31b,0,0.42281584964155,0,2226,59.172,59.2,687500,5072984450,406812,null,null
1749671807,2025-06-11T19:56:47.000,0xa160cdab225685da1d56aa342ad8841c3b53f291,0x59a024f488e36b76692b05c78e63ba088aa131b702c11c8d8d79cabc83af3ca2,0x8a616cf7f277858df1f8f985f6aed9977f6ba5a7,0xd04e9f0945dea8373d882c730e2c93a74b591796,8,0.42281584964155,0xd04e9f0945dea8373d882c730e2c93a74b591796,0xd90e2f925da726b50c4ed8d0fb90ad053324f31b,0,99.57718415035845,0,2226,59.172,59.2,687500,5072984450,406812,null,null
1749671747,2025-06-11T19:55:47.000,0xa160cdab225685da1d56aa342ad8841c3b53f291,0x89560b9883f5dcd8ddfd3956baf65ad3f5186d33ce1cf3c7eccb1b41e6351ad2,0x8a616cf7f277858df1f8f985f6aed9977f6ba5a7,0xd04e9f0945dea8373d882c730e2c93a74b591796,8,0.42281030573670003,0xd04e9f0945dea8373d882c730e2c93a74b591796,0xd90e2f925da726b50c4ed8d0fb90ad053324f31b,0,99.5771896942633,0,2225,59.174,59.2,687500,5061477141,406824,null,null
1749671747,2025-06-11T19:55:47.000,0xa160cdab225685da1d56aa342ad8841c3b53f291,0x89560b9883f5dcd8ddfd3956baf65ad3f5186d33ce1cf3c7eccb1b41e6351ad2,0x8a616cf7f277858df1f8f985f6aed9977f6ba5a7,0xd04e9f0945dea8373d882c730e2c93a74b591796,8,0.42281030573670003,0xd04e9f0945dea8373d882c730e2c93a74b591796,0xd90e2f925da726b50c4ed8d0fb90ad053324f31b,0,0.42281030573670003,0,2225,59.174,59.2,687500,5061477141,406824,null,null
1749663335,2025-06-11T17:35:35.000,0xa160cdab225685da1d56aa342ad8841c3b53f291,0xa4d65487c19036a80c6ae89c5398bc6e4c62c426b98c5a4b0608ee55d92da3ef,0x0eebe66c6488ce4e49fbdabd1fae7e0d324d49a0,0x69ce09ab548ffb0b46978fdabb44beb2344608d5,4,0.4046744406049,0x69ce09ab548ffb0b46978fdabb44beb2344608d5,0xd90e2f925da726b50c4ed8d0fb90ad053324f31b,0,0.4046744406049,0,76,59.17,59.2,687500,8050770111,406800,null,null
1749663335,2025-06-11T17:35:35.000,0xa160cdab225685da1d56aa342ad8841c3b53f291,0xa4d65487c19036a80c6ae89c5398bc6e4c62c426b98c5a4b0608ee55d92da3ef,0x0eebe66c6488ce4e49fbdabd1fae7e0d324d49a0,0x69ce09ab548ffb0b46978fdabb44beb2344608d5,4,0.4046744406049,0x69ce09ab548ffb0b46978fdabb44beb2344608d5,0xd90e2f925da726b50c4ed8d0fb90ad053324f31b,0,99.5953255593951,0,76,59.17,59.2,687500,8050770111,406800,null,null
1749663275,2025-06-11T17:34:35.000,0xa160cdab225685da1d56aa342ad8841c3b53f291,0x30c717d9910bbc1435c1a903504607422655b4ac41959d3f556cdbfbc22ad76b,0x0eebe66c6488ce4e49fbdabd1fae7e0d324d49a0,0x69ce09ab548ffb0b46978fdabb44beb2344608d5,4,0.4347640819347,0x69ce09ab548ffb0b46978fdabb44beb2344608d5,0xd90e2f925da726b50c4ed8d0fb90ad053324f31b,0,0.4347640819347,0,75,62.809,62.8,687500,8498982918,431812,null,null
1749663275,2025-06-11T17:34:35.000,0xa160cdab225685da1d56aa342ad8841c3b53f291,0x30c717d9910bbc1435c1a903504607422655b4ac41959d3f556cdbfbc22ad76b,0x0eebe66c6488ce4e49fbdabd1fae7e0d324d49a0,0x69ce09ab548ffb0b46978fdabb44beb2344608d5,4,0.4347640819347,0x69ce09ab548ffb0b46978fdabb44beb2344608d5,0xd90e2f925da726b50c4ed8d0fb90ad053324f31b,0,99.5652359180653,0,75,62.809,62.8,687500,8498982918,431812,null,null
1749653351,2025-06-11T14:49:11.000,0xa160cdab225685da1d56aa342ad8841c3b53f291,0x53c8b5bc2fa0ef1297e85a54c3b7d253d82fccbdb0f470d2e0b85017c29cb199,0xbcab3e3cda4b40dc7bfba793be48b2a2ac37e32e,0x69ce09ab548ffb0b46978fdabb44beb2344608d5,4,0.40623247129175,0x69ce09ab548ffb0b46978fdabb44beb2344608d5,0xd90e2f925da726b50c4ed8d0fb90ad053324f31b,0,99.59376752870824,0,74,59.17,59.2,687500,10877635984,406800,null,null
1749653351,2025-06-11T14:49:11.000,0xa160cdab225685da1d56aa342ad8841c3b53f291,0x53c8b5bc2fa0ef1297e85a54c3b7d253d82fccbdb0f470d2e0b85017c29cb199,0xbcab3e3cda4b40dc7bfba793be48b2a2ac37e32e,0x69ce09ab548ffb0b46978fdabb44beb2344608d5,4,0.40623247129175,0x69ce09ab548ffb0b46978fdabb44beb2344608d5,0xd90e2f925da726b50c4ed8d0fb90ad053324f31b,0,0.40623247129175,0,74,59.17,59.2,687500,10877635984,406800,null,null
1749653291,2025-06-11T14:48:11.000,0xa160cdab225685da1d56aa342ad8841c3b53f291,0xde41f16e8b6e9207d14179d29922ebf781eef0ce07d615e7cefaecabd5c0cd8a,0xbcab3e3cda4b40dc7bfba793be48b2a2ac37e32e,0x69ce09ab548ffb0b46978fdabb44beb2344608d5,4,0.40556782502704997,0x69ce09ab548ffb0b46978fdabb44beb2344608d5,0xd90e2f925da726b50c4ed8d0fb90ad053324f31b,0,99.59443217497295,0,73,62.803,62.8,687500,11430297135,431776,null,null
1749653291,2025-06-11T14:48:11.000,0xa160cdab225685da1d56aa342ad8841c3b53f291,0xde41f16e8b6e9207d14179d29922ebf781eef0ce07d615e7cefaecabd5c0cd8a,0xbcab3e3cda4b40dc7bfba793be48b2a2ac37e32e,0x69ce09ab548ffb0b46978fdabb44beb2344608d5,4,0.40556782502704997,0x69ce09ab548ffb0b46978fdabb44beb2344608d5,0xd90e2f925da726b50c4ed8d0fb90ad053324f31b,0,0.40556782502704997,0,73,62.803,62.8,687500,11430297135,431776,null,null
1749651503,2025-06-11T14:18:23.000,0xa160cdab225685da1d56aa342ad8841c3b53f291,0xe45558b4045781158c42ace5b16a868f4ca27b77a8ec68baff535729ae93b631,0xda6aafb3b3b3a6916c0c4fc2ed83207330a313e9,0x7d2a66f05d2bb0ff4dc856eb317196c59ac3e932,2,0.40415002128089994,0x7d2a66f05d2bb0ff4dc856eb317196c59ac3e932,0xd90e2f925da726b50c4ed8d0fb90ad053324f31b,0,99.59584997871909,0,423,62.81,62.8,687500,7447436122,431824,null,null
1749651503,2025-06-11T14:18:23.000,0xa160cdab225685da1d56aa342ad8841c3b53f291,0xe45558b4045781158c42ace5b16a868f4ca27b77a8ec68baff535729ae93b631,0xda6aafb3b3b3a6916c0c4fc2ed83207330a313e9,0x7d2a66f05d2bb0ff4dc856eb317196c59ac3e932,2,0.40415002128089994,0x7d2a66f05d2bb0ff4dc856eb317196c59ac3e932,0xd90e2f925da726b50c4ed8d0fb90ad053324f31b,0,0.40415002128089994,0,423,62.81,62.8,687500,7447436122,431824,null,null
1749650723,2025-06-11T14:05:23.000,0xa160cdab225685da1d56aa342ad8841c3b53f291,0x3a281eea887ea89183715d0b2b065113fdf67a4704d42aef4eda2687f88f6d82,0x00a3e5a440f5944c93834fefd907760295dd5f06,0x2ee39ff05643bc7cc9ed31b71e142429044a425c,2,0.39437882332525,0x2ee39ff05643bc7cc9ed31b71e142429044a425c,0xd90e2f925da726b50c4ed8d0fb90ad053324f31b,0,99.60562117667475,0,2446,62.803,62.8,687500,7850654771,431776,null,null
1749650723,2025-06-11T14:05:23.000,0xa160cdab225685da1d56aa342ad8841c3b53f291,0x3a281eea887ea89183715d0b2b065113fdf67a4704d42aef4eda2687f88f6d82,0x00a3e5a440f5944c93834fefd907760295dd5f06,0x2ee39ff05643bc7cc9ed31b71e142429044a425c,2,0.39437882332525,0x2ee39ff05643bc7cc9ed31b71e142429044a425c,0xd90e2f925da726b50c4ed8d0fb90ad053324f31b,0,0.39437882332525,0,2446,62.803,62.8,687500,7850654771,431776,null,null
1749649979,2025-06-11T13:52:59.000,0xa160cdab225685da1d56aa342ad8841c3b53f291,0xe2d7f134afa9b91a715ab8d581f9824727a513c38356ad704e0ec4176c27c393,0x7855fd01b4823031ab749cdd32a2952afea5c38c,0xda0b76cc92e94a6f972ed29c104bbe8d73c2f753,2,0.4044441240833,0x4af043aca08bbe1fa2ac78eb205ea353327aa5ce,0xd90e2f925da726b50c4ed8d0fb90ad053324f31b,0,99.59555587591669,0,609,63.17,63.2,687500,7787722948,434300,null,null
1749649979,2025-06-11T13:52:59.000,0xa160cdab225685da1d56aa342ad8841c3b53f291,0xe2d7f134afa9b91a715ab8d581f9824727a513c38356ad704e0ec4176c27c393,0x7855fd01b4823031ab749cdd32a2952afea5c38c,0xda0b76cc92e94a6f972ed29c104bbe8d73c2f753,2,0.4044441240833,0x4af043aca08bbe1fa2ac78eb205ea353327aa5ce,0xd90e2f925da726b50c4ed8d0fb90ad053324f31b,0,0.4044441240833,0,609,63.17,63.2,687500,7787722948,434300,null,null
1749649223,2025-06-11T13:40:23.000,0xa160cdab225685da1d56aa342ad8841c3b53f291,0x937d84a558c857986fdfcc2f293b0f09a628462f24a6d0fb939170ff8fa7168f,0x7a79969a0b9d51d922c4810d2950560360f6f234,0x0000000000000000000000000000000000000000,22,0,0x7a79969a0b9d51d922c4810d2950560360f6f234,0xd90e2f925da726b50c4ed8d0fb90ad053324f31b,0,100,2,56,63.468,63.5,550000,8388177988,349079,8467432930,3000000000
1749648983,2025-06-11T13:36:23.000,0xa160cdab225685da1d56aa342ad8841c3b53f291,0x1e05ba331b99a59cbd16aa562997b48736ced4a8cd9c868eeeef71552611ca5a,0x7a79969a0b9d51d922c4810d2950560360f6f234,0x0000000000000000000000000000000000000000,22,0,0x7a79969a0b9d51d922c4810d2950560360f6f234,0xd90e2f925da726b50c4ed8d0fb90ad053324f31b,0,100,2,55,63.468,63.5,550000,8496608493,349079,9121039820,3000000000
1749647171,2025-06-11T13:06:11.000,0xa160cdab225685da1d56aa342ad8841c3b53f291,0x64f408d3e3e0d10a8eafc5fa8099a3a27ab546746fe4e990b61608095c31f6d5,0xc51f5a80874919daf6ecf3155c2428e428ac5a04,0x7d2a66f05d2bb0ff4dc856eb317196c59ac3e932,4,0.40409548417409996,0x7d2a66f05d2bb0ff4dc856eb317196c59ac3e932,0xd90e2f925da726b50c4ed8d0fb90ad053324f31b,0,99.5959045158259,0,422,59.174,59.2,687500,6985122668,406824,null,null
1749647171,2025-06-11T13:06:11.000,0xa160cdab225685da1d56aa342ad8841c3b53f291,0x64f408d3e3e0d10a8eafc5fa8099a3a27ab546746fe4e990b61608095c31f6d5,0xc51f5a80874919daf6ecf3155c2428e428ac5a04,0x7d2a66f05d2bb0ff4dc856eb317196c59ac3e932,4,0.40409548417409996,0x7d2a66f05d2bb0ff4dc856eb317196c59ac3e932,0xd90e2f925da726b50c4ed8d0fb90ad053324f31b,0,0.40409548417409996,0,422,59.174,59.2,687500,6985122668,406824,null,null
1749647111,2025-06-11T13:05:11.000,0xa160cdab225685da1d56aa342ad8841c3b53f291,0x9287a3927988115e7502225102ea0d3d5ca64890de737a2ab3412baa8d0d36e1,0xc51f5a80874919daf6ecf3155c2428e428ac5a04,0x7d2a66f05d2bb0ff4dc856eb317196c59ac3e932,4,0.40411086318115,0x7d2a66f05d2bb0ff4dc856eb317196c59ac3e932,0xd90e2f925da726b50c4ed8d0fb90ad053324f31b,0,99.59588913681885,0,421,62.809,62.8,687500,7446334862,431812,null,null
1749647111,2025-06-11T13:05:11.000,0xa160cdab225685da1d56aa342ad8841c3b53f291,0x9287a3927988115e7502225102ea0d3d5ca64890de737a2ab3412baa8d0d36e1,0xc51f5a80874919daf6ecf3155c2428e428ac5a04,0x7d2a66f05d2bb0ff4dc856eb317196c59ac3e932,4,0.40411086318115,0x7d2a66f05d2bb0ff4dc856eb317196c59ac3e932,0xd90e2f925da726b50c4ed8d0fb90ad053324f31b,0,0.40411086318115,0,421,62.809,62.8,687500,7446334862,431812,null,null
1749644147,2025-06-11T12:15:47.000,0xa160cdab225685da1d56aa342ad8841c3b53f291,0xe127ca1a0b78fad82cfd87aa6d4050c676a6b9e165a71526fe552183f7c05c36,0x3d0760f99ef63070244abf6c97d591513d994938,0x7d2a66f05d2bb0ff4dc856eb317196c59ac3e932,2,0.43358174779764996,0x7d2a66f05d2bb0ff4dc856eb317196c59ac3e932,0xd90e2f925da726b50c4ed8d0fb90ad053324f31b,0,99.56641825220234,0,419,62.81,62.8,687500,6588279595,431824,null,null
1749644147,2025-06-11T12:15:47.000,0xa160cdab225685da1d56aa342ad8841c3b53f291,0xe127ca1a0b78fad82cfd87aa6d4050c676a6b9e165a71526fe552183f7c05c36,0x3d0760f99ef63070244abf6c97d591513d994938,0x7d2a66f05d2bb0ff4dc856eb317196c59ac3e932,2,0.43358174779764996,0x7d2a66f05d2bb0ff4dc856eb317196c59ac3e932,0xd90e2f925da726b50c4ed8d0fb90ad053324f31b,0,0.43358174779764996,0,419,62.81,62.8,687500,6588279595,431824,null,null
1749641651,2025-06-11T11:34:11.000,0xa160cdab225685da1d56aa342ad8841c3b53f291,0xbaefbc3be580b68d30927792408dd3edcc50cb5aecd745b9f1d4951841cd4798,0x6c2316eafa7a6c963d8e7d991cd1c9a8e5653cd3,0x69ce09ab548ffb0b46978fdabb44beb2344608d5,4,0.4028118722819,0x69ce09ab548ffb0b46978fdabb44beb2344608d5,0xd90e2f925da726b50c4ed8d0fb90ad053324f31b,0,99.5971881277181,0,69,59.172,59.2,687500,4938487780,406812,null,null
1749641651,2025-06-11T11:34:11.000,0xa160cdab225685da1d56aa342ad8841c3b53f291,0xbaefbc3be580b68d30927792408dd3edcc50cb5aecd745b9f1d4951841cd4798,0x6c2316eafa7a6c963d8e7d991cd1c9a8e5653cd3,0x69ce09ab548ffb0b46978fdabb44beb2344608d5,4,0.4028118722819,0x69ce09ab548ffb0b46978fdabb44beb2344608d5,0xd90e2f925da726b50c4ed8d0fb90ad053324f31b,0,0.4028118722819,0,69,59.172,59.2,687500,4938487780,406812,null,null
1749641435,2025-06-11T11:30:35.000,0xa160cdab225685da1d56aa342ad8841c3b53f291,0x8da1ff21e15906ced1ce16a915b14f29bb99855b23a8ef8af0131b167e38c94e,0x6c2316eafa7a6c963d8e7d991cd1c9a8e5653cd3,0x69ce09ab548ffb0b46978fdabb44beb2344608d5,4,0.4327141679147,0x69ce09ab548ffb0b46978fdabb44beb2344608d5,0xd90e2f925da726b50c4ed8d0fb90ad053324f31b,0,99.5672858320853,0,67,62.809,62.8,687500,5020526881,431812,null,null
1749641435,2025-06-11T11:30:35.000,0xa160cdab225685da1d56aa342ad8841c3b53f291,0x8da1ff21e15906ced1ce16a915b14f29bb99855b23a8ef8af0131b167e38c94e,0x6c2316eafa7a6c963d8e7d991cd1c9a8e5653cd3,0x69ce09ab548ffb0b46978fdabb44beb2344608d5,4,0.4327141679147,0x69ce09ab548ffb0b46978fdabb44beb2344608d5,0xd90e2f925da726b50c4ed8d0fb90ad053324f31b,0,0.4327141679147,0,67,62.809,62.8,687500,5020526881,431812,null,null
1749633371,2025-06-11T09:16:11.000,0xa160cdab225685da1d56aa342ad8841c3b53f291,0x8db72bdf2b6c63423c98bd2ee153a4f2ab7bb659cffbac67673ae803bb3557db,0x7a79969a0b9d51d922c4810d2950560360f6f234,0x0000000000000000000000000000000000000000,22,0,0x7a79969a0b9d51d922c4810d2950560360f6f234,0xd90e2f925da726b50c4ed8d0fb90ad053324f31b,0,100,2,48,63.464,63.5,550000,4709622495,349055,4975949739,3000000000
1749633251,2025-06-11T09:14:11.000,0xa160cdab225685da1d56aa342ad8841c3b53f291,0x2b3df465b3c838c160a9e0d167ba1048bcc1ce9386b74fa93aaf164ddcf6b232,0x7a79969a0b9d51d922c4810d2950560360f6f234,0x0000000000000000000000000000000000000000,22,0,0x7a79969a0b9d51d922c4810d2950560360f6f234,0xd90e2f925da726b50c4ed8d0fb90ad053324f31b,0,100,2,47,63.468,63.5,550000,4912909205,349079,4986082854,3000000000
1749626879,2025-06-11T07:27:59.000,0xa160cdab225685da1d56aa342ad8841c3b53f291,0x5d7c709cb65ca3028e012507ab2b0bb118a970ba9e9f9a8fb99c0f58ef5fa3b3,0xf58e589290472bf03450d5f9504f4e57fe3c33e4,0x000000cd6521ed1a65fae0678ea15af4eead74fe,2,0.43246538293924996,0x000000cd6521ed1a65fae0678ea15af4eead74fe,0xd90e2f925da726b50c4ed8d0fb90ad053324f31b,0,99.56753461706076,2,3507,62.803,62.8,687500,2369717592,431776,2369717592,1000000000
1749626879,2025-06-11T07:27:59.000,0xa160cdab225685da1d56aa342ad8841c3b53f291,0x5d7c709cb65ca3028e012507ab2b0bb118a970ba9e9f9a8fb99c0f58ef5fa3b3,0xf58e589290472bf03450d5f9504f4e57fe3c33e4,0x000000cd6521ed1a65fae0678ea15af4eead74fe,2,0.43246538293924996,0x000000cd6521ed1a65fae0678ea15af4eead74fe,0xd90e2f925da726b50c4ed8d0fb90ad053324f31b,0,0.43246538293924996,2,3507,62.803,62.8,687500,2369717592,431776,2369717592,1000000000
1749619871,2025-06-11T05:31:11.000,0xa160cdab225685da1d56aa342ad8841c3b53f291,0x9f98f920e73521d5a0e136b10b7691e1c329de9dc4f18e1ee2af453944d96856,0x17a079779b0fa0a877e718120920da3f4ffdb5b5,0xda0b76cc92e94a6f972ed29c104bbe8d73c2f753,2,0.40247394693755,0x4af043aca08bbe1fa2ac78eb205ea353327aa5ce,0xd90e2f925da726b50c4ed8d0fb90ad053324f31b,0,0.40247394693755,0,607,63.172,63.2,687500,4758330730,434312,null,null
1749619871,2025-06-11T05:31:11.000,0xa160cdab225685da1d56aa342ad8841c3b53f291,0x9f98f920e73521d5a0e136b10b7691e1c329de9dc4f18e1ee2af453944d96856,0x17a079779b0fa0a877e718120920da3f4ffdb5b5,0xda0b76cc92e94a6f972ed29c104bbe8d73c2f753,2,0.40247394693755,0x4af043aca08bbe1fa2ac78eb205ea353327aa5ce,0xd90e2f925da726b50c4ed8d0fb90ad053324f31b,0,99.59752605306244,0,607,63.172,63.2,687500,4758330730,434312,null,null
1749618335,2025-06-11T05:05:35.000,0xa160cdab225685da1d56aa342ad8841c3b53f291,0x9bdb67d5db23f5e1c011d677f8b248c43ea470143720e0afe1fafc3937e47178,0x1e7f08d40df59677df2f5e4ad76c7bb14c08311a,0xda0b76cc92e94a6f972ed29c104bbe8d73c2f753,2,0.40257705926335,0x4af043aca08bbe1fa2ac78eb205ea353327aa5ce,0xd90e2f925da726b50c4ed8d0fb90ad053324f31b,0,0.40257705926335,0,606,63.174,63.2,687500,4656268527,434324,null,null
1749618335,2025-06-11T05:05:35.000,0xa160cdab225685da1d56aa342ad8841c3b53f291,0x9bdb67d5db23f5e1c011d677f8b248c43ea470143720e0afe1fafc3937e47178,0x1e7f08d40df59677df2f5e4ad76c7bb14c08311a,0xda0b76cc92e94a6f972ed29c104bbe8d73c2f753,2,0.40257705926335,0x4af043aca08bbe1fa2ac78eb205ea353327aa5ce,0xd90e2f925da726b50c4ed8d0fb90ad053324f31b,0,99.59742294073665,0,606,63.174,63.2,687500,4656268527,434324,null,null
1749616919,2025-06-11T04:41:59.000,0xa160cdab225685da1d56aa342ad8841c3b53f291,0x4c486e51f073ca3a5553f217c6a9e26038783571b5c0146786f3f0a7123c2721,0x33d3313edc5b774a4e3830a95aec99e4ac5d66d1,0xda0b76cc92e94a6f972ed29c104bbe8d73c2f753,2,0.40266042484950004,0x4af043aca08bbe1fa2ac78eb205ea353327aa5ce,0xd90e2f925da726b50c4ed8d0fb90ad053324f31b,0,99.5973395751505,0,605,63.174,63.2,687500,4596695107,434324,null,null
1749616919,2025-06-11T04:41:59.000,0xa160cdab225685da1d56aa342ad8841c3b53f291,0x4c486e51f073ca3a5553f217c6a9e26038783571b5c0146786f3f0a7123c2721,0x33d3313edc5b774a4e3830a95aec99e4ac5d66d1,0xda0b76cc92e94a6f972ed29c104bbe8d73c2f753,2,0.40266042484950004,0x4af043aca08bbe1fa2ac78eb205ea353327aa5ce,0xd90e2f925da726b50c4ed8d0fb90ad053324f31b,0,0.40266042484950004,0,605,63.174,63.2,687500,4596695107,434324,null,null
1749611063,2025-06-11T03:04:23.000,0xa160cdab225685da1d56aa342ad8841c3b53f291,0x80feb3a7f2854ce2dc79996b75550ef571cf820ba86a4302564db9cb4f319747,0x465b998d88515bc1e212a7eb85105c9ebd8e5510,0x0e9d9a828247f5eed7f6d31d213a39805de52441,2,0.4024948182754,0x0e9d9a828247f5eed7f6d31d213a39805de52441,0xd90e2f925da726b50c4ed8d0fb90ad053324f31b,0,99.5975051817246,0,1277,62.809,62.8,687500,4596644694,431812,null,null
1749611063,2025-06-11T03:04:23.000,0xa160cdab225685da1d56aa342ad8841c3b53f291,0x80feb3a7f2854ce2dc79996b75550ef571cf820ba86a4302564db9cb4f319747,0x465b998d88515bc1e212a7eb85105c9ebd8e5510,0x0e9d9a828247f5eed7f6d31d213a39805de52441,2,0.4024948182754,0x0e9d9a828247f5eed7f6d31d213a39805de52441,0xd90e2f925da726b50c4ed8d0fb90ad053324f31b,0,0.4024948182754,0,1277,62.809,62.8,687500,4596644694,431812,null,null
1749597443,2025-06-10T23:17:23.000,0xa160cdab225685da1d56aa342ad8841c3b53f291,0x63c694dfa883a185b2cd9dd97e818dd2ee0a0945571d046c70f796bd3a05d61e,0xdb67fe79be2adb141404e8a6ed32923cd0db22a0,0xdb67fe79be2adb141404e8a6ed32923cd0db22a0,5,0,0x6aebdfe59bde4e8d2b2f88c80d0f5687782a7694,0xd90e2f925da726b50c4ed8d0fb90ad053324f31b,0,100,2,4,62.853,62.9,559727,6855845291,351807,6855845291,3000000000
1749597335,2025-06-10T23:15:35.000,0xa160cdab225685da1d56aa342ad8841c3b53f291,0x83bec33ca5022dd340f3a5f82f205a78e19343f6e213397bf8c6b9078a5ea740,0xdb67fe79be2adb141404e8a6ed32923cd0db22a0,0xdb67fe79be2adb141404e8a6ed32923cd0db22a0,5,0,0x6aebdfe59bde4e8d2b2f88c80d0f5687782a7694,0xd90e2f925da726b50c4ed8d0fb90ad053324f31b,0,100,2,3,62.852,62.9,559715,6558618465,351795,6750205521,3000000000
1749597227,2025-06-10T23:13:47.000,0xa160cdab225685da1d56aa342ad8841c3b53f291,0xb988f62c6c011ed61ddb823024070465029679073a21a2869dfc9ffeb3561552,0xdb67fe79be2adb141404e8a6ed32923cd0db22a0,0xdb67fe79be2adb141404e8a6ed32923cd0db22a0,5,0,0x6aebdfe59bde4e8d2b2f88c80d0f5687782a7694,0xd90e2f925da726b50c4ed8d0fb90ad053324f31b,0,100,2,2,62.853,62.9,559727,6482613783,351807,6482613783,3000000000
1749596987,2025-06-10T23:09:47.000,0xa160cdab225685da1d56aa342ad8841c3b53f291,0xed5d4bb39c169a52b9c764953c87c020721b932534a0dba04b84662f26104d72,0xdb67fe79be2adb141404e8a6ed32923cd0db22a0,0xdb67fe79be2adb141404e8a6ed32923cd0db22a0,5,0,0x6aebdfe59bde4e8d2b2f88c80d0f5687782a7694,0xd90e2f925da726b50c4ed8d0fb90ad053324f31b,0,100,2,1,62.852,62.9,559715,6018555919,351795,6018555919,3000000000
1749596759,2025-06-10T23:05:59.000,0xa160cdab225685da1d56aa342ad8841c3b53f291,0x9b124eaa5bf47717ce489ce4c5c10c921d6263a89b12afb653d0ddbca624cf15,0xdb67fe79be2adb141404e8a6ed32923cd0db22a0,0xdb67fe79be2adb141404e8a6ed32923cd0db22a0,5,0,0x6aebdfe59bde4e8d2b2f88c80d0f5687782a7694,0xd90e2f925da726b50c4ed8d0fb90ad053324f31b,0,100,2,0,64.398,64.4,585136,5261594206,376819,5261594206,3000000000
1749587303,2025-06-10T20:28:23.000,0xa160cdab225685da1d56aa342ad8841c3b53f291,0xb7dbdc9586f444aaaf2fe15288c1d58c5e6aa2ab72aef805be38f2d2449ce90f,0x7a79969a0b9d51d922c4810d2950560360f6f234,0x0000000000000000000000000000000000000000,22,0,0x7a79969a0b9d51d922c4810d2950560360f6f234,0xd90e2f925da726b50c4ed8d0fb90ad053324f31b,0,100,2,38,63.464,63.5,550000,6521565710,349055,7413715068,3000000000
1749566267,2025-06-10T14:37:47.000,0xa160cdab225685da1d56aa342ad8841c3b53f291,0xbdc4741cb6ed566ab914c3184e0d008504cee68fda4578611404bd1171fd368a,0x0e0baad5a4de3d5152a308199b99c08588ec9edf,0xc6398b4e8b60720051ed33f5c5a692f9785f5580,2,0.40579388484510004,0xc6398b4e8b60720051ed33f5c5a692f9785f5580,0xd90e2f925da726b50c4ed8d0fb90ad053324f31b,0,0.40579388484510004,0,449,62.805,62.8,687500,10846963386,431788,null,null
1749566267,2025-06-10T14:37:47.000,0xa160cdab225685da1d56aa342ad8841c3b53f291,0xbdc4741cb6ed566ab914c3184e0d008504cee68fda4578611404bd1171fd368a,0x0e0baad5a4de3d5152a308199b99c08588ec9edf,0xc6398b4e8b60720051ed33f5c5a692f9785f5580,2,0.40579388484510004,0xc6398b4e8b60720051ed33f5c5a692f9785f5580,0xd90e2f925da726b50c4ed8d0fb90ad053324f31b,0,99.5942061151549,0,449,62.805,62.8,687500,10846963386,431788,null,null
1749561503,2025-06-10T13:18:23.000,0xa160cdab225685da1d56aa342ad8841c3b53f291,0xc95982e398b15d47401e6f0cfa6b236c3701d45e8e6b8a68b3338dbb608299f6,0x7c8afa3a4a83ebccf156fb6cd0e355d3c764b541,0xc49415493eb3ec64a0f13d8aa5056f1cfc4ce35c,2,0.4357713766715,0xc49415493eb3ec64a0f13d8aa5056f1cfc4ce35c,0xd90e2f925da726b50c4ed8d0fb90ad053324f31b,0,99.56422862332849,2,3750,62.809,62.8,687500,7728794063,431812,7728794063,1000000000
1749561503,2025-06-10T13:18:23.000,0xa160cdab225685da1d56aa342ad8841c3b53f291,0xc95982e398b15d47401e6f0cfa6b236c3701d45e8e6b8a68b3338dbb608299f6,0x7c8afa3a4a83ebccf156fb6cd0e355d3c764b541,0xc49415493eb3ec64a0f13d8aa5056f1cfc4ce35c,2,0.4357713766715,0xc49415493eb3ec64a0f13d8aa5056f1cfc4ce35c,0xd90e2f925da726b50c4ed8d0fb90ad053324f31b,0,0.4357713766715,2,3750,62.809,62.8,687500,7728794063,431812,7728794063,1000000000
1749557339,2025-06-10T12:08:59.000,0xa160cdab225685da1d56aa342ad8841c3b53f291,0x285293d8b2f417f91ece77b7befc7961a3cccbb05f1c6978459c358bdf1b7920,0x2cc049cd5dfde6935b86a97944c96059baca35d7,0x0e9d9a828247f5eed7f6d31d213a39805de52441,2,0.4054015840868,0x0e9d9a828247f5eed7f6d31d213a39805de52441,0xd90e2f925da726b50c4ed8d0fb90ad053324f31b,0,99.59459841591321,0,1272,62.809,62.8,687500,9921908610,431812,null,null
1749557339,2025-06-10T12:08:59.000,0xa160cdab225685da1d56aa342ad8841c3b53f291,0x285293d8b2f417f91ece77b7befc7961a3cccbb05f1c6978459c358bdf1b7920,0x2cc049cd5dfde6935b86a97944c96059baca35d7,0x0e9d9a828247f5eed7f6d31d213a39805de52441,2,0.4054015840868,0x0e9d9a828247f5eed7f6d31d213a39805de52441,0xd90e2f925da726b50c4ed8d0fb90ad053324f31b,0,0.4054015840868,0,1272,62.809,62.8,687500,9921908610,431812,null,null
1749547451,2025-06-10T09:24:11.000,0xa160cdab225685da1d56aa342ad8841c3b53f291,0xb1c8a0c02df87ba40600f161d6a36225892e4694631bd21ff8b90f2a8e6073fb,0x805d15b60b346cf1d9349d8d7fddc9988a1ebb8d,0x2bce45670cba81658e45c132f0b4eaba97a7fbba,2,0.43255020316595,0x2bce45670cba81658e45c132f0b4eaba97a7fbba,0xd90e2f925da726b50c4ed8d0fb90ad053324f31b,0,99.56744979683405,0,141,62.805,62.8,687500,4688850942,431788,null,null
1749547451,2025-06-10T09:24:11.000,0xa160cdab225685da1d56aa342ad8841c3b53f291,0xb1c8a0c02df87ba40600f161d6a36225892e4694631bd21ff8b90f2a8e6073fb,0x805d15b60b346cf1d9349d8d7fddc9988a1ebb8d,0x2bce45670cba81658e45c132f0b4eaba97a7fbba,2,0.43255020316595,0x2bce45670cba81658e45c132f0b4eaba97a7fbba,0xd90e2f925da726b50c4ed8d0fb90ad053324f31b,0,0.43255020316595,0,141,62.805,62.8,687500,4688850942,431788,null,null
1749545891,2025-06-10T08:58:11.000,0xa160cdab225685da1d56aa342ad8841c3b53f291,0x34af28aa4cffe3b2ea7174933aec2c73938cdd27b4d13e2c665ee80ffbc1f087,0xe3bc6ad4aa0db4c375b9b01c590929688488fe79,0x0e9d9a828247f5eed7f6d31d213a39805de52441,2,0.40231035109085,0x0e9d9a828247f5eed7f6d31d213a39805de52441,0xd90e2f925da726b50c4ed8d0fb90ad053324f31b,0,0.40231035109085,0,1271,62.807,62.8,687500,4161286386,431800,null,null
1749545891,2025-06-10T08:58:11.000,0xa160cdab225685da1d56aa342ad8841c3b53f291,0x34af28aa4cffe3b2ea7174933aec2c73938cdd27b4d13e2c665ee80ffbc1f087,0xe3bc6ad4aa0db4c375b9b01c590929688488fe79,0x0e9d9a828247f5eed7f6d31d213a39805de52441,2,0.40231035109085,0x0e9d9a828247f5eed7f6d31d213a39805de52441,0xd90e2f925da726b50c4ed8d0fb90ad053324f31b,0,99.59768964890915,0,1271,62.807,62.8,687500,4161286386,431800,null,null
1749536735,2025-06-10T06:25:35.000,0xa160cdab225685da1d56aa342ad8841c3b53f291,0x274445bfbd1e02b0d7c7b7dd5f476eb718b3c29676fbef7874265b0b1b383cdc,0xb64bc577b476f74328330f077c7c174447937059,0x0e9d9a828247f5eed7f6d31d213a39805de52441,2,0.40224544220615,0x0e9d9a828247f5eed7f6d31d213a39805de52441,0xd90e2f925da726b50c4ed8d0fb90ad053324f31b,0,99.59775455779385,0,1269,62.807,62.8,687500,4029656555,431800,null,null
1749536735,2025-06-10T06:25:35.000,0xa160cdab225685da1d56aa342ad8841c3b53f291,0x274445bfbd1e02b0d7c7b7dd5f476eb718b3c29676fbef7874265b0b1b383cdc,0xb64bc577b476f74328330f077c7c174447937059,0x0e9d9a828247f5eed7f6d31d213a39805de52441,2,0.40224544220615,0x0e9d9a828247f5eed7f6d31d213a39805de52441,0xd90e2f925da726b50c4ed8d0fb90ad053324f31b,0,0.40224544220615,0,1269,62.807,62.8,687500,4029656555,431800,null,null
1749533531,2025-06-10T05:32:11.000,0xa160cdab225685da1d56aa342ad8841c3b53f291,0x96acaf238333b95db56a6c175a6212000580ff7d02d07a0c570281c16a646149,0xd7fdc2ff249427d6d616c47ca2511828e2fbd5a9,0xd04e9f0945dea8373d882c730e2c93a74b591796,2,0.42222348838030005,0xd04e9f0945dea8373d882c730e2c93a74b591796,0xd90e2f925da726b50c4ed8d0fb90ad053324f31b,0,99.57777651161969,0,2217,62.809,62.8,687500,4073622114,431812,null,null
1749533531,2025-06-10T05:32:11.000,0xa160cdab225685da1d56aa342ad8841c3b53f291,0x96acaf238333b95db56a6c175a6212000580ff7d02d07a0c570281c16a646149,0xd7fdc2ff249427d6d616c47ca2511828e2fbd5a9,0xd04e9f0945dea8373d882c730e2c93a74b591796,2,0.42222348838030005,0xd04e9f0945dea8373d882c730e2c93a74b591796,0xd90e2f925da726b50c4ed8d0fb90ad053324f31b,0,0.42222348838030005,0,2217,62.809,62.8,687500,4073622114,431812,null,null
1749533039,2025-06-10T05:23:59.000,0xa160cdab225685da1d56aa342ad8841c3b53f291,0x8d34ff0805b749a2c2e68bf140553dc2424dd15c99643a2e0e5303b77647ffda,0xa60c90d858404162d33cf1c71cf8c4a690e3a0b6,0xd04e9f0945dea8373d882c730e2c93a74b591796,2,0.42224419021584997,0xd04e9f0945dea8373d882c730e2c93a74b591796,0xd90e2f925da726b50c4ed8d0fb90ad053324f31b,0,99.57775580978415,0,2216,62.81,62.8,687500,4060357113,431824,null,null
1749533039,2025-06-10T05:23:59.000,0xa160cdab225685da1d56aa342ad8841c3b53f291,0x8d34ff0805b749a2c2e68bf140553dc2424dd15c99643a2e0e5303b77647ffda,0xa60c90d858404162d33cf1c71cf8c4a690e3a0b6,0xd04e9f0945dea8373d882c730e2c93a74b591796,2,0.42224419021584997,0xd04e9f0945dea8373d882c730e2c93a74b591796,0xd90e2f925da726b50c4ed8d0fb90ad053324f31b,0,0.42224419021584997,0,2216,62.81,62.8,687500,4060357113,431824,null,null
1749530531,2025-06-10T04:42:11.000,0xa160cdab225685da1d56aa342ad8841c3b53f291,0xfcaa6fd9d79bb79caa76a9b400436cd47188e8990c972fcc52a46564bda7fe23,0x934528847f2466e1d54bbdcdd95d45b5a7a1a892,0xda0b76cc92e94a6f972ed29c104bbe8d73c2f753,2,0.40239614557435,0x4af043aca08bbe1fa2ac78eb205ea353327aa5ce,0xd90e2f925da726b50c4ed8d0fb90ad053324f31b,0,99.59760385442566,0,588,59.536,59.5,687500,4248565781,409312,null,null
1749530531,2025-06-10T04:42:11.000,0xa160cdab225685da1d56aa342ad8841c3b53f291,0xfcaa6fd9d79bb79caa76a9b400436cd47188e8990c972fcc52a46564bda7fe23,0x934528847f2466e1d54bbdcdd95d45b5a7a1a892,0xda0b76cc92e94a6f972ed29c104bbe8d73c2f753,2,0.40239614557435,0x4af043aca08bbe1fa2ac78eb205ea353327aa5ce,0xd90e2f925da726b50c4ed8d0fb90ad053324f31b,0,0.40239614557435,0,588,59.536,59.5,687500,4248565781,409312,null,null
1749524399,2025-06-10T02:59:59.000,0xa160cdab225685da1d56aa342ad8841c3b53f291,0x1b8fd83cf8f0af664dc97c2ef4202a61b46e750ef843cbae9cd727091f461ccd,0x1b2407f630659516e02617a0d62704fe68582d93,0x3a1d526d09b7e59fd88de4726f68a8246ddc2742,2,0.4025129586009,0x3a1d526d09b7e59fd88de4726f68a8246ddc2742,0xd90e2f925da726b50c4ed8d0fb90ad053324f31b,0,99.59748704139909,0,6616,62.81,62.8,687500,4555238319,431824,null,null
1749524399,2025-06-10T02:59:59.000,0xa160cdab225685da1d56aa342ad8841c3b53f291,0x1b8fd83cf8f0af664dc97c2ef4202a61b46e750ef843cbae9cd727091f461ccd,0x1b2407f630659516e02617a0d62704fe68582d93,0x3a1d526d09b7e59fd88de4726f68a8246ddc2742,2,0.4025129586009,0x3a1d526d09b7e59fd88de4726f68a8246ddc2742,0xd90e2f925da726b50c4ed8d0fb90ad053324f31b,0,0.4025129586009,0,6616,62.81,62.8,687500,4555238319,431824,null,null
1749523751,2025-06-10T02:49:11.000,0xa160cdab225685da1d56aa342ad8841c3b53f291,0xd3f8f0c347f221ccd8250411d9474435aa75b738f157a7aee9076ffaf6c92382,0x3e010a64a795b01be6879e6538df047729676de8,0x3a1d526d09b7e59fd88de4726f68a8246ddc2742,2,0.4026501817276,0x3a1d526d09b7e59fd88de4726f68a8246ddc2742,0xd90e2f925da726b50c4ed8d0fb90ad053324f31b,0,99.5973498182724,0,6615,62.809,62.8,687500,4904236272,431812,null,null
1749523751,2025-06-10T02:49:11.000,0xa160cdab225685da1d56aa342ad8841c3b53f291,0xd3f8f0c347f221ccd8250411d9474435aa75b738f157a7aee9076ffaf6c92382,0x3e010a64a795b01be6879e6538df047729676de8,0x3a1d526d09b7e59fd88de4726f68a8246ddc2742,2,0.4026501817276,0x3a1d526d09b7e59fd88de4726f68a8246ddc2742,0xd90e2f925da726b50c4ed8d0fb90ad053324f31b,0,0.4026501817276,0,6615,62.809,62.8,687500,4904236272,431812,null,null
1749523139,2025-06-10T02:38:59.000,0xa160cdab225685da1d56aa342ad8841c3b53f291,0xbc26ea8c69bd6e2e1ed63b72df1c384994d0ab9a364eec6d67f91d8ad8be5d95,0x8ac1dd88bd095eab61d710ba7f68cecc9c6a6b52,0x0000000000000000000000000000000000000000,1,0,0x3f350db7c3bc2ebbd2d4a5d67381e49579530baa,0xd90e2f925da726b50c4ed8d0fb90ad053324f31b,0,100,2,0,88.891,88.9,457892,4897598763,407026,4897598763,3000000000
1749522059,2025-06-10T02:20:59.000,0xa160cdab225685da1d56aa342ad8841c3b53f291,0x324652fead744c54dc6a266a1d0293804c2b92af749c10340bcc097e7de4e1fa,0xce0c6191e0de42c04ea4d91de831fd4e56621b9e,0x0e9d9a828247f5eed7f6d31d213a39805de52441,2,0.40319117367085,0x0e9d9a828247f5eed7f6d31d213a39805de52441,0xd90e2f925da726b50c4ed8d0fb90ad053324f31b,0,99.59680882632915,0,1268,62.809,62.8,687500,6012986290,431812,null,null
1749522059,2025-06-10T02:20:59.000,0xa160cdab225685da1d56aa342ad8841c3b53f291,0x324652fead744c54dc6a266a1d0293804c2b92af749c10340bcc097e7de4e1fa,0xce0c6191e0de42c04ea4d91de831fd4e56621b9e,0x0e9d9a828247f5eed7f6d31d213a39805de52441,2,0.40319117367085,0x0e9d9a828247f5eed7f6d31d213a39805de52441,0xd90e2f925da726b50c4ed8d0fb90ad053324f31b,0,0.40319117367085,0,1268,62.809,62.8,687500,6012986290,431812,null,null
1749521687,2025-06-10T02:14:47.000,0xa160cdab225685da1d56aa342ad8841c3b53f291,0xe7040d61187f45cfe407d7f8e56fc8dde0d5101772411fbb7a68969b173248ae,0x8010e82a05eb398bce18cd3395d27677df409c06,0xc0f12799b8d3fa8810dfe1616095170c72117f8f,2,0.40292674530995004,0xc0f12799b8d3fa8810dfe1616095170c72117f8f,0xd90e2f925da726b50c4ed8d0fb90ad053324f31b,0,99.59707325469005,0,281,62.809,62.8,687500,5247781631,431812,null,null
1749521687,2025-06-10T02:14:47.000,0xa160cdab225685da1d56aa342ad8841c3b53f291,0xe7040d61187f45cfe407d7f8e56fc8dde0d5101772411fbb7a68969b173248ae,0x8010e82a05eb398bce18cd3395d27677df409c06,0xc0f12799b8d3fa8810dfe1616095170c72117f8f,2,0.40292674530995004,0xc0f12799b8d3fa8810dfe1616095170c72117f8f,0xd90e2f925da726b50c4ed8d0fb90ad053324f31b,0,0.40292674530995004,0,281,62.809,62.8,687500,5247781631,431812,null,null
1749508235,2025-06-09T22:30:35.000,0xa160cdab225685da1d56aa342ad8841c3b53f291,0x62bd6b8c3b29cc89ae14b72712ab23a9f2ccf46c6abc3fb37b7c7d9396ec6510,0x44c2fe2f299c7ca3091baf1ecfe77b917208a614,0xe5a4c70113b90566bc5f80a3866935d0d52f990e,2,0.43269005961565,0xe5a4c70113b90566bc5f80a3866935d0d52f990e,0xd90e2f925da726b50c4ed8d0fb90ad053324f31b,0,99.56730994038435,0,262,62.807,62.8,687500,4918146851,431800,null,null
1749508235,2025-06-09T22:30:35.000,0xa160cdab225685da1d56aa342ad8841c3b53f291,0x62bd6b8c3b29cc89ae14b72712ab23a9f2ccf46c6abc3fb37b7c7d9396ec6510,0x44c2fe2f299c7ca3091baf1ecfe77b917208a614,0xe5a4c70113b90566bc5f80a3866935d0d52f990e,2,0.43269005961565,0xe5a4c70113b90566bc5f80a3866935d0d52f990e,0xd90e2f925da726b50c4ed8d0fb90ad053324f31b,0,0.43269005961565,0,262,62.807,62.8,687500,4918146851,431800,null,null
1749508103,2025-06-09T22:28:23.000,0xa160cdab225685da1d56aa342ad8841c3b53f291,0x57c789b7b1c58d3a155e7ca3c45889e6dc58d7b61ddcc7624a410ff3aebfb209,0x74bb03d9e680666e4d97bd1160dde095c3683a3b,0xd04e9f0945dea8373d882c730e2c93a74b591796,6,0.42270139549955,0xd04e9f0945dea8373d882c730e2c93a74b591796,0xd90e2f925da726b50c4ed8d0fb90ad053324f31b,0,99.57729860450046,0,2211,59.172,59.2,687500,4772317146,406812,null,null
1749508103,2025-06-09T22:28:23.000,0xa160cdab225685da1d56aa342ad8841c3b53f291,0x57c789b7b1c58d3a155e7ca3c45889e6dc58d7b61ddcc7624a410ff3aebfb209,0x74bb03d9e680666e4d97bd1160dde095c3683a3b,0xd04e9f0945dea8373d882c730e2c93a74b591796,6,0.42270139549955,0xd04e9f0945dea8373d882c730e2c93a74b591796,0xd90e2f925da726b50c4ed8d0fb90ad053324f31b,0,0.42270139549955,0,2211,59.172,59.2,687500,4772317146,406812,null,null
1749507263,2025-06-09T22:14:23.000,0xa160cdab225685da1d56aa342ad8841c3b53f291,0x0e37125b9f8bd278da86b159d6ca363d302d0db16ed5aa0f82081f9b4844a8b3,0x74bb03d9e680666e4d97bd1160dde095c3683a3b,0x7d2a66f05d2bb0ff4dc856eb317196c59ac3e932,6,0.43291062744555003,0x7d2a66f05d2bb0ff4dc856eb317196c59ac3e932,0xd90e2f925da726b50c4ed8d0fb90ad053324f31b,0,99.56708937255445,0,418,59.172,59.2,687500,5162727310,406812,null,null
1749507263,2025-06-09T22:14:23.000,0xa160cdab225685da1d56aa342ad8841c3b53f291,0x0e37125b9f8bd278da86b159d6ca363d302d0db16ed5aa0f82081f9b4844a8b3,0x74bb03d9e680666e4d97bd1160dde095c3683a3b,0x7d2a66f05d2bb0ff4dc856eb317196c59ac3e932,6,0.43291062744555003,0x7d2a66f05d2bb0ff4dc856eb317196c59ac3e932,0xd90e2f925da726b50c4ed8d0fb90ad053324f31b,0,0.43291062744555003,0,418,59.172,59.2,687500,5162727310,406812,null,null
1749506339,2025-06-09T21:58:59.000,0xa160cdab225685da1d56aa342ad8841c3b53f291,0xdbedf33f1c7f7316dd2b32ea72076d9d564d509cfc3bbfcfe26a3de09e52224c,0x1f531989bb60c6da6d86907d335703ebc0eb15d5,0xe5a4c70113b90566bc5f80a3866935d0d52f990e,2,0.4334041126812,0xe5a4c70113b90566bc5f80a3866935d0d52f990e,0xd90e2f925da726b50c4ed8d0fb90ad053324f31b,0,99.5665958873188,0,257,62.807,62.8,687500,6005762092,431800,null,null
1749506339,2025-06-09T21:58:59.000,0xa160cdab225685da1d56aa342ad8841c3b53f291,0xdbedf33f1c7f7316dd2b32ea72076d9d564d509cfc3bbfcfe26a3de09e52224c,0x1f531989bb60c6da6d86907d335703ebc0eb15d5,0xe5a4c70113b90566bc5f80a3866935d0d52f990e,2,0.4334041126812,0xe5a4c70113b90566bc5f80a3866935d0d52f990e,0xd90e2f925da726b50c4ed8d0fb90ad053324f31b,0,0.4334041126812,0,257,62.807,62.8,687500,6005762092,431800,null,null
1749506291,2025-06-09T21:58:11.000,0xa160cdab225685da1d56aa342ad8841c3b53f291,0xaaeea640a448b2acfe369201d4d328e8fcb7ed9a69f9707def0ec7f824069808,0x74bb03d9e680666e4d97bd1160dde095c3683a3b,0x000000cd6521ed1a65fae0678ea15af4eead74fe,6,0.43341397914935004,0x000000cd6521ed1a65fae0678ea15af4eead74fe,0xd90e2f925da726b50c4ed8d0fb90ad053324f31b,0,0.43341397914935004,2,3485,62.803,62.8,687500,4150359823,431776,4189295784,1000000000
1749506291,2025-06-09T21:58:11.000,0xa160cdab225685da1d56aa342ad8841c3b53f291,0xaaeea640a448b2acfe369201d4d328e8fcb7ed9a69f9707def0ec7f824069808,0x74bb03d9e680666e4d97bd1160dde095c3683a3b,0x000000cd6521ed1a65fae0678ea15af4eead74fe,6,0.43341397914935004,0x000000cd6521ed1a65fae0678ea15af4eead74fe,0xd90e2f925da726b50c4ed8d0fb90ad053324f31b,0,99.56658602085065,2,3485,62.803,62.8,687500,4150359823,431776,4189295784,1000000000
1749505703,2025-06-09T21:48:23.000,0xa160cdab225685da1d56aa342ad8841c3b53f291,0x659b8b6490b4d6f7680b2565cc01d98b6a5614a941289df764561058ccdbd36b,0x8a616cf7f277858df1f8f985f6aed9977f6ba5a7,0x000000cd6521ed1a65fae0678ea15af4eead74fe,8,0.43336330693545,0x000000cd6521ed1a65fae0678ea15af4eead74fe,0xd90e2f925da726b50c4ed8d0fb90ad053324f31b,0,0.43336330693545,2,3483,59.163,59.2,687500,4105317011,406752,4105317011,1000000000
1749505703,2025-06-09T21:48:23.000,0xa160cdab225685da1d56aa342ad8841c3b53f291,0x659b8b6490b4d6f7680b2565cc01d98b6a5614a941289df764561058ccdbd36b,0x8a616cf7f277858df1f8f985f6aed9977f6ba5a7,0x000000cd6521ed1a65fae0678ea15af4eead74fe,8,0.43336330693545,0x000000cd6521ed1a65fae0678ea15af4eead74fe,0xd90e2f925da726b50c4ed8d0fb90ad053324f31b,0,99.56663669306455,2,3483,59.163,59.2,687500,4105317011,406752,4105317011,1000000000
1749504503,2025-06-09T21:28:23.000,0xa160cdab225685da1d56aa342ad8841c3b53f291,0x6ff4bd7707dc02a2b2a0465e631c22510e3bc298670ccdf14b9ec06c39a746a1,0x7f5040d2e3171e27ce451cf16e3104b7abd99976,0x94596b6a626392f5d972d6cc4d929a42c2f0008c,2,0.43333983789095004,0x03392600086874456e08d2bac104380bcdebcfc0,0xd90e2f925da726b50c4ed8d0fb90ad053324f31b,0,99.56666016210905,0,1505,63.165,63.2,687500,6031189848,434264,null,null
1749504503,2025-06-09T21:28:23.000,0xa160cdab225685da1d56aa342ad8841c3b53f291,0x6ff4bd7707dc02a2b2a0465e631c22510e3bc298670ccdf14b9ec06c39a746a1,0x7f5040d2e3171e27ce451cf16e3104b7abd99976,0x94596b6a626392f5d972d6cc4d929a42c2f0008c,2,0.43333983789095004,0x03392600086874456e08d2bac104380bcdebcfc0,0xd90e2f925da726b50c4ed8d0fb90ad053324f31b,0,0.43333983789095004,0,1505,63.165,63.2,687500,6031189848,434264,null,null
1749502271,2025-06-09T20:51:11.000,0xa160cdab225685da1d56aa342ad8841c3b53f291,0x8c04d036db603ed2117b53690f0dbd95445355750933bb3b1cb87b8d7b402d9c,0x0dffe2f4c89658d09dcb319f3fa03e0a1b96f723,0x0e9d9a828247f5eed7f6d31d213a39805de52441,2,0.4027644363835,0x0e9d9a828247f5eed7f6d31d213a39805de52441,0xd90e2f925da726b50c4ed8d0fb90ad053324f31b,0,99.59723556361651,0,1263,62.81,62.8,687500,5102151241,431824,null,null
1749502271,2025-06-09T20:51:11.000,0xa160cdab225685da1d56aa342ad8841c3b53f291,0x8c04d036db603ed2117b53690f0dbd95445355750933bb3b1cb87b8d7b402d9c,0x0dffe2f4c89658d09dcb319f3fa03e0a1b96f723,0x0e9d9a828247f5eed7f6d31d213a39805de52441,2,0.4027644363835,0x0e9d9a828247f5eed7f6d31d213a39805de52441,0xd90e2f925da726b50c4ed8d0fb90ad053324f31b,0,0.4027644363835,0,1263,62.81,62.8,687500,5102151241,431824,null,null
1749499787,2025-06-09T20:09:47.000,0xa160cdab225685da1d56aa342ad8841c3b53f291,0xc916dfc2f95f575bd26be818bf6b4e4dc30983a19c658ef9eeb4ac1b742cbc0b,0x8a616cf7f277858df1f8f985f6aed9977f6ba5a7,0x000000cd6521ed1a65fae0678ea15af4eead74fe,8,0.43249090211315,0x000000cd6521ed1a65fae0678ea15af4eead74fe,0xd90e2f925da726b50c4ed8d0fb90ad053324f31b,0,0.43249090211315,2,3478,59.165,59.2,687500,2597596360,406764,2597596360,1000000000
1749499787,2025-06-09T20:09:47.000,0xa160cdab225685da1d56aa342ad8841c3b53f291,0xc916dfc2f95f575bd26be818bf6b4e4dc30983a19c658ef9eeb4ac1b742cbc0b,0x8a616cf7f277858df1f8f985f6aed9977f6ba5a7,0x000000cd6521ed1a65fae0678ea15af4eead74fe,8,0.43249090211315,0x000000cd6521ed1a65fae0678ea15af4eead74fe,0xd90e2f925da726b50c4ed8d0fb90ad053324f31b,0,99.56750909788684,2,3478,59.165,59.2,687500,2597596360,406764,2597596360,1000000000
1749498107,2025-06-09T19:41:47.000,0xa160cdab225685da1d56aa342ad8841c3b53f291,0x12882fe0f379a1d8a1bb96a519b2d4c8148b88abfc102e217feb7c52eded2bb4,0x23068fa4dab13ca2944af5c787a921dab1d80294,0xe5a4c70113b90566bc5f80a3866935d0d52f990e,2,0.4226349570918,0xe5a4c70113b90566bc5f80a3866935d0d52f990e,0xd90e2f925da726b50c4ed8d0fb90ad053324f31b,0,99.5773650429082,0,254,62.805,62.8,687500,4743347692,431788,null,null
1749498107,2025-06-09T19:41:47.000,0xa160cdab225685da1d56aa342ad8841c3b53f291,0x12882fe0f379a1d8a1bb96a519b2d4c8148b88abfc102e217feb7c52eded2bb4,0x23068fa4dab13ca2944af5c787a921dab1d80294,0xe5a4c70113b90566bc5f80a3866935d0d52f990e,2,0.4226349570918,0xe5a4c70113b90566bc5f80a3866935d0d52f990e,0xd90e2f925da726b50c4ed8d0fb90ad053324f31b,0,0.4226349570918,0,254,62.805,62.8,687500,4743347692,431788,null,null
1749496955,2025-06-09T19:22:35.000,0xa160cdab225685da1d56aa342ad8841c3b53f291,0x73705ecdfdd6ab218761455acd754bc5b3e6472e8dcf97e001b1ed6f6051f46d,0xa90e4caacb4f764805ae2a3336b62158e437759b,0xc6398b4e8b60720051ed33f5c5a692f9785f5580,2,0.40258863402929995,0xc6398b4e8b60720051ed33f5c5a692f9785f5580,0xd90e2f925da726b50c4ed8d0fb90ad053324f31b,0,99.5974113659707,0,445,62.803,62.8,687500,4588819121,431776,null,null
1749496955,2025-06-09T19:22:35.000,0xa160cdab225685da1d56aa342ad8841c3b53f291,0x73705ecdfdd6ab218761455acd754bc5b3e6472e8dcf97e001b1ed6f6051f46d,0xa90e4caacb4f764805ae2a3336b62158e437759b,0xc6398b4e8b60720051ed33f5c5a692f9785f5580,2,0.40258863402929995,0xc6398b4e8b60720051ed33f5c5a692f9785f5580,0xd90e2f925da726b50c4ed8d0fb90ad053324f31b,0,0.40258863402929995,0,445,62.803,62.8,687500,4588819121,431776,null,null
1749490619,2025-06-09T17:36:59.000,0xa160cdab225685da1d56aa342ad8841c3b53f291,0xf16d63a5ce55b46a74bc7be069c56a71033e1cf89db2c0852572d4f6299813ac,0xde2c59209efbfb318b504c62115445cad2c3997f,0xe5a4c70113b90566bc5f80a3866935d0d52f990e,2,0.4033419146871,0xe5a4c70113b90566bc5f80a3866935d0d52f990e,0xd90e2f925da726b50c4ed8d0fb90ad053324f31b,0,0.4033419146871,0,249,62.81,62.8,687500,5878272634,431824,null,null
1749490619,2025-06-09T17:36:59.000,0xa160cdab225685da1d56aa342ad8841c3b53f291,0xf16d63a5ce55b46a74bc7be069c56a71033e1cf89db2c0852572d4f6299813ac,0xde2c59209efbfb318b504c62115445cad2c3997f,0xe5a4c70113b90566bc5f80a3866935d0d52f990e,2,0.4033419146871,0xe5a4c70113b90566bc5f80a3866935d0d52f990e,0xd90e2f925da726b50c4ed8d0fb90ad053324f31b,0,99.59665808531291,0,249,62.81,62.8,687500,5878272634,431824,null,null
1749490019,2025-06-09T17:26:59.000,0xa160cdab225685da1d56aa342ad8841c3b53f291,0x6a203ffb8de151f6f1b205fd32f615ba3e6515430949cfb9eb795a1ff6d2532b,0x0e6e65f6bb419072bf98e47f95a264338218baec,0xc0f12799b8d3fa8810dfe1616095170c72117f8f,4,0.4032976873952,0xc0f12799b8d3fa8810dfe1616095170c72117f8f,0xd90e2f925da726b50c4ed8d0fb90ad053324f31b,0,99.59670231260479,0,277,59.17,59.2,687500,6034183387,406800,null,null
1749490019,2025-06-09T17:26:59.000,0xa160cdab225685da1d56aa342ad8841c3b53f291,0x6a203ffb8de151f6f1b205fd32f615ba3e6515430949cfb9eb795a1ff6d2532b,0x0e6e65f6bb419072bf98e47f95a264338218baec,0xc0f12799b8d3fa8810dfe1616095170c72117f8f,4,0.4032976873952,0xc0f12799b8d3fa8810dfe1616095170c72117f8f,0xd90e2f925da726b50c4ed8d0fb90ad053324f31b,0,0.4032976873952,0,277,59.17,59.2,687500,6034183387,406800,null,null
1749489923,2025-06-09T17:25:23.000,0xa160cdab225685da1d56aa342ad8841c3b53f291,0x9501ac56b6bcad5db4af62fdb6bb1f96052181265164f62c89c033f36ecef755,0x0e6e65f6bb419072bf98e47f95a264338218baec,0xc0f12799b8d3fa8810dfe1616095170c72117f8f,4,0.4032267615182,0xc0f12799b8d3fa8810dfe1616095170c72117f8f,0xd90e2f925da726b50c4ed8d0fb90ad053324f31b,0,99.5967732384818,0,276,62.809,62.8,687500,5973203671,431812,null,null
1749489923,2025-06-09T17:25:23.000,0xa160cdab225685da1d56aa342ad8841c3b53f291,0x9501ac56b6bcad5db4af62fdb6bb1f96052181265164f62c89c033f36ecef755,0x0e6e65f6bb419072bf98e47f95a264338218baec,0xc0f12799b8d3fa8810dfe1616095170c72117f8f,4,0.4032267615182,0xc0f12799b8d3fa8810dfe1616095170c72117f8f,0xd90e2f925da726b50c4ed8d0fb90ad053324f31b,0,0.4032267615182,0,276,62.809,62.8,687500,5973203671,431812,null,null
1749487919,2025-06-09T16:51:59.000,0xa160cdab225685da1d56aa342ad8841c3b53f291,0xd7c55b4988d0b1e3bb93afe27533dbe0c733f8d19abd6c715185d358905f9b60,0x39c6e657464a31699753365add52fdfd07019623,0x3a1d526d09b7e59fd88de4726f68a8246ddc2742,2,0.4039527538116,0x3a1d526d09b7e59fd88de4726f68a8246ddc2742,0xd90e2f925da726b50c4ed8d0fb90ad053324f31b,0,99.59604724618839,0,6613,62.809,62.8,687500,7041720931,431812,null,null
1749487919,2025-06-09T16:51:59.000,0xa160cdab225685da1d56aa342ad8841c3b53f291,0xd7c55b4988d0b1e3bb93afe27533dbe0c733f8d19abd6c715185d358905f9b60,0x39c6e657464a31699753365add52fdfd07019623,0x3a1d526d09b7e59fd88de4726f68a8246ddc2742,2,0.4039527538116,0x3a1d526d09b7e59fd88de4726f68a8246ddc2742,0xd90e2f925da726b50c4ed8d0fb90ad053324f31b,0,0.4039527538116,0,6613,62.809,62.8,687500,7041720931,431812,null,null
1749487523,2025-06-09T16:45:23.000,0xa160cdab225685da1d56aa342ad8841c3b53f291,0x48c036816cc9f9c56e4968d4b162f5df5bd00b92c6fb48a18b93b3478c932f46,0xfe8002c0f2d0e3b540881595d18396d41f0c86f9,0xe5a4c70113b90566bc5f80a3866935d0d52f990e,2,0.40418747132485,0xe5a4c70113b90566bc5f80a3866935d0d52f990e,0xd90e2f925da726b50c4ed8d0fb90ad053324f31b,0,99.59581252867514,0,248,62.81,62.8,687500,7349183355,431824,null,null
1749487523,2025-06-09T16:45:23.000,0xa160cdab225685da1d56aa342ad8841c3b53f291,0x48c036816cc9f9c56e4968d4b162f5df5bd00b92c6fb48a18b93b3478c932f46,0xfe8002c0f2d0e3b540881595d18396d41f0c86f9,0xe5a4c70113b90566bc5f80a3866935d0d52f990e,2,0.40418747132485,0xe5a4c70113b90566bc5f80a3866935d0d52f990e,0xd90e2f925da726b50c4ed8d0fb90ad053324f31b,0,0.40418747132485,0,248,62.81,62.8,687500,7349183355,431824,null,null
1749487307,2025-06-09T16:41:47.000,0xa160cdab225685da1d56aa342ad8841c3b53f291,0x94d037e43c16bedb7c50b8c477a0f5ae9873d4170e14b9dc5e50ee0be30251f2,0xe147880e51afa8c0593956b2a5c857b66dc24945,0xf0bf3c1d67afa6c48b9b5d1bc7e3f0b87f2b80dd,2,0.40401491293995,0xf0bf3c1d67afa6c48b9b5d1bc7e3f0b87f2b80dd,0xd90e2f925da726b50c4ed8d0fb90ad053324f31b,0,99.59598508706004,0,285,62.805,62.8,687500,7288020043,431788,null,null
1749487307,2025-06-09T16:41:47.000,0xa160cdab225685da1d56aa342ad8841c3b53f291,0x94d037e43c16bedb7c50b8c477a0f5ae9873d4170e14b9dc5e50ee0be30251f2,0xe147880e51afa8c0593956b2a5c857b66dc24945,0xf0bf3c1d67afa6c48b9b5d1bc7e3f0b87f2b80dd,2,0.40401491293995,0xf0bf3c1d67afa6c48b9b5d1bc7e3f0b87f2b80dd,0xd90e2f925da726b50c4ed8d0fb90ad053324f31b,0,0.40401491293995,0,285,62.805,62.8,687500,7288020043,431788,null,null
1749485423,2025-06-09T16:10:23.000,0xa160cdab225685da1d56aa342ad8841c3b53f291,0x060305cab615285d3a5e22107af7e2d6354174fef1a18a7c636cf467336ad9a5,0x7802f07ba48dbedf261623a6c3272dc3c9b7e329,0xc0f12799b8d3fa8810dfe1616095170c72117f8f,2,0.4042669717167,0xc0f12799b8d3fa8810dfe1616095170c72117f8f,0xd90e2f925da726b50c4ed8d0fb90ad053324f31b,0,99.5957330282833,0,275,62.807,62.8,687500,7552281170,431800,null,null
1749485423,2025-06-09T16:10:23.000,0xa160cdab225685da1d56aa342ad8841c3b53f291,0x060305cab615285d3a5e22107af7e2d6354174fef1a18a7c636cf467336ad9a5,0x7802f07ba48dbedf261623a6c3272dc3c9b7e329,0xc0f12799b8d3fa8810dfe1616095170c72117f8f,2,0.4042669717167,0xc0f12799b8d3fa8810dfe1616095170c72117f8f,0xd90e2f925da726b50c4ed8d0fb90ad053324f31b,0,0.4042669717167,0,275,62.807,62.8,687500,7552281170,431800,null,null
1749484343,2025-06-09T15:52:23.000,0xa160cdab225685da1d56aa342ad8841c3b53f291,0x8fade97b3ac815a9a273ff12082047f95d6aab27c20ec69e8560037658d0e4eb,0xebc5c35b98e043015df425180fb5bf53a203c89a,0x3a1d526d09b7e59fd88de4726f68a8246ddc2742,2,0.40586811211855,0x3a1d526d09b7e59fd88de4726f68a8246ddc2742,0xd90e2f925da726b50c4ed8d0fb90ad053324f31b,0,99.59413188788146,0,6611,62.809,62.8,687500,10208208075,431812,null,null
1749484343,2025-06-09T15:52:23.000,0xa160cdab225685da1d56aa342ad8841c3b53f291,0x8fade97b3ac815a9a273ff12082047f95d6aab27c20ec69e8560037658d0e4eb,0xebc5c35b98e043015df425180fb5bf53a203c89a,0x3a1d526d09b7e59fd88de4726f68a8246ddc2742,2,0.40586811211855,0x3a1d526d09b7e59fd88de4726f68a8246ddc2742,0xd90e2f925da726b50c4ed8d0fb90ad053324f31b,0,0.40586811211855,0,6611,62.809,62.8,687500,10208208075,431812,null,null
1749484163,2025-06-09T15:49:23.000,0xa160cdab225685da1d56aa342ad8841c3b53f291,0x8087eb761928430a0d77522eef02ce2d6c091a0c93513f2d2c831f70e508e370,0xf88c8eb402d93d233d38c0dce34262ed9f0535d0,0x69ce09ab548ffb0b46978fdabb44beb2344608d5,2,0.40626648753609995,0x69ce09ab548ffb0b46978fdabb44beb2344608d5,0xd90e2f925da726b50c4ed8d0fb90ad053324f31b,0,99.5937335124639,0,50,62.809,62.8,687500,11546896210,431812,null,null
1749484163,2025-06-09T15:49:23.000,0xa160cdab225685da1d56aa342ad8841c3b53f291,0x8087eb761928430a0d77522eef02ce2d6c091a0c93513f2d2c831f70e508e370,0xf88c8eb402d93d233d38c0dce34262ed9f0535d0,0x69ce09ab548ffb0b46978fdabb44beb2344608d5,2,0.40626648753609995,0x69ce09ab548ffb0b46978fdabb44beb2344608d5,0xd90e2f925da726b50c4ed8d0fb90ad053324f31b,0,0.40626648753609995,0,50,62.809,62.8,687500,11546896210,431812,null,null
1749481715,2025-06-09T15:08:35.000,0xa160cdab225685da1d56aa342ad8841c3b53f291,0x2a31df3ece3facccce3e3d9dc7f4a8b1a879d9c3f83844c49c6d7a1f122ee22f,0x0c42d1dff8ede4805b416f18f6fc11853ff7cff2,0xe5a4c70113b90566bc5f80a3866935d0d52f990e,2,0.40369806236855,0xe5a4c70113b90566bc5f80a3866935d0d52f990e,0xd90e2f925da726b50c4ed8d0fb90ad053324f31b,0,99.59630193763145,0,246,62.809,62.8,687500,6992160607,431812,null,null
1749481715,2025-06-09T15:08:35.000,0xa160cdab225685da1d56aa342ad8841c3b53f291,0x2a31df3ece3facccce3e3d9dc7f4a8b1a879d9c3f83844c49c6d7a1f122ee22f,0x0c42d1dff8ede4805b416f18f6fc11853ff7cff2,0xe5a4c70113b90566bc5f80a3866935d0d52f990e,2,0.40369806236855,0xe5a4c70113b90566bc5f80a3866935d0d52f990e,0xd90e2f925da726b50c4ed8d0fb90ad053324f31b,0,0.40369806236855,0,246,62.809,62.8,687500,6992160607,431812,null,null
1749478355,2025-06-09T14:12:35.000,0xa160cdab225685da1d56aa342ad8841c3b53f291,0x527d8a865c9e92e44b092b118e49ab8c0801aa282b0764cc897fc98a4977ed08,0x5125aaabb0036c74a1bfaed1a1acc95a4db03604,0x4750bcfcc340aa4b31be7e71fa072716d28c29c5,2,0.43397921583564997,0x4750bcfcc340aa4b31be7e71fa072716d28c29c5,0xd90e2f925da726b50c4ed8d0fb90ad053324f31b,0,99.56602078416435,0,4142,62.81,62.8,687500,7247791685,431824,null,null
1749478355,2025-06-09T14:12:35.000,0xa160cdab225685da1d56aa342ad8841c3b53f291,0x527d8a865c9e92e44b092b118e49ab8c0801aa282b0764cc897fc98a4977ed08,0x5125aaabb0036c74a1bfaed1a1acc95a4db03604,0x4750bcfcc340aa4b31be7e71fa072716d28c29c5,2,0.43397921583564997,0x4750bcfcc340aa4b31be7e71fa072716d28c29c5,0xd90e2f925da726b50c4ed8d0fb90ad053324f31b,0,0.43397921583564997,0,4142,62.81,62.8,687500,7247791685,431824,null,null
1749477539,2025-06-09T13:58:59.000,0xa160cdab225685da1d56aa342ad8841c3b53f291,0xf0f8fa870e237d84b62b8203d55874250412d6e944ddae4f2d0f2372e136c227,0x2b4fd17c5e133ca8f549efded48df12d9a20703c,0xf0bf3c1d67afa6c48b9b5d1bc7e3f0b87f2b80dd,2,0.40548236510635,0xf0bf3c1d67afa6c48b9b5d1bc7e3f0b87f2b80dd,0xd90e2f925da726b50c4ed8d0fb90ad053324f31b,0,99.59451763489365,0,283,62.809,62.8,687500,10285031484,431812,null,null
1749477539,2025-06-09T13:58:59.000,0xa160cdab225685da1d56aa342ad8841c3b53f291,0xf0f8fa870e237d84b62b8203d55874250412d6e944ddae4f2d0f2372e136c227,0x2b4fd17c5e133ca8f549efded48df12d9a20703c,0xf0bf3c1d67afa6c48b9b5d1bc7e3f0b87f2b80dd,2,0.40548236510635,0xf0bf3c1d67afa6c48b9b5d1bc7e3f0b87f2b80dd,0xd90e2f925da726b50c4ed8d0fb90ad053324f31b,0,0.40548236510635,0,283,62.809,62.8,687500,10285031484,431812,null,null
1749470651,2025-06-09T12:04:11.000,0xa160cdab225685da1d56aa342ad8841c3b53f291,0x19b1c0c0257f8428805c78436122ab1a29b5e7c11297847f238bb1f218f88073,0x0068e644c34a4c12e2c8ad4b27bdbe7b7a9dfe99,0x69ce09ab548ffb0b46978fdabb44beb2344608d5,4,0.4032896996792,0x69ce09ab548ffb0b46978fdabb44beb2344608d5,0xd90e2f925da726b50c4ed8d0fb90ad053324f31b,0,99.5967103003208,0,48,59.169,59.2,687500,6167195953,406788,null,null
1749470651,2025-06-09T12:04:11.000,0xa160cdab225685da1d56aa342ad8841c3b53f291,0x19b1c0c0257f8428805c78436122ab1a29b5e7c11297847f238bb1f218f88073,0x0068e644c34a4c12e2c8ad4b27bdbe7b7a9dfe99,0x69ce09ab548ffb0b46978fdabb44beb2344608d5,4,0.4032896996792,0x69ce09ab548ffb0b46978fdabb44beb2344608d5,0xd90e2f925da726b50c4ed8d0fb90ad053324f31b,0,0.4032896996792,0,48,59.169,59.2,687500,6167195953,406788,null,null
1749470591,2025-06-09T12:03:11.000,0xa160cdab225685da1d56aa342ad8841c3b53f291,0x8b84c776ddf78a0f8b96867a0bc7f1f5b27dddd9acf72c93f8ea26af79f02751,0x0068e644c34a4c12e2c8ad4b27bdbe7b7a9dfe99,0x69ce09ab548ffb0b46978fdabb44beb2344608d5,4,0.40319392069645,0x69ce09ab548ffb0b46978fdabb44beb2344608d5,0xd90e2f925da726b50c4ed8d0fb90ad053324f31b,0,99.59680607930355,0,47,62.809,62.8,687500,5895970804,431812,null,null
1749470591,2025-06-09T12:03:11.000,0xa160cdab225685da1d56aa342ad8841c3b53f291,0x8b84c776ddf78a0f8b96867a0bc7f1f5b27dddd9acf72c93f8ea26af79f02751,0x0068e644c34a4c12e2c8ad4b27bdbe7b7a9dfe99,0x69ce09ab548ffb0b46978fdabb44beb2344608d5,4,0.40319392069645,0x69ce09ab548ffb0b46978fdabb44beb2344608d5,0xd90e2f925da726b50c4ed8d0fb90ad053324f31b,0,0.40319392069645,0,47,62.809,62.8,687500,5895970804,431812,null,null
1749467723,2025-06-09T11:15:23.000,0xa160cdab225685da1d56aa342ad8841c3b53f291,0xdcc129d716bde1baa9f8f7455d97bb88a95b8ffa506c7948d1da111c3338af09,0x59d0ce52c2a6259837bdb4bc6784c2c31f4a0fd4,0x7d2a66f05d2bb0ff4dc856eb317196c59ac3e932,4,0.4040581070508,0x7d2a66f05d2bb0ff4dc856eb317196c59ac3e932,0xd90e2f925da726b50c4ed8d0fb90ad053324f31b,0,99.5959418929492,0,412,59.172,59.2,687500,7815082259,406812,null,null
1749467723,2025-06-09T11:15:23.000,0xa160cdab225685da1d56aa342ad8841c3b53f291,0xdcc129d716bde1baa9f8f7455d97bb88a95b8ffa506c7948d1da111c3338af09,0x59d0ce52c2a6259837bdb4bc6784c2c31f4a0fd4,0x7d2a66f05d2bb0ff4dc856eb317196c59ac3e932,4,0.4040581070508,0x7d2a66f05d2bb0ff4dc856eb317196c59ac3e932,0xd90e2f925da726b50c4ed8d0fb90ad053324f31b,0,0.4040581070508,0,412,59.172,59.2,687500,7815082259,406812,null,null
1749467603,2025-06-09T11:13:23.000,0xa160cdab225685da1d56aa342ad8841c3b53f291,0x5b6105f594236455f2f244715b08268f931fe5d637139bc0d39e3704ba56710f,0x59d0ce52c2a6259837bdb4bc6784c2c31f4a0fd4,0x7d2a66f05d2bb0ff4dc856eb317196c59ac3e932,4,0.4042773011831,0x7d2a66f05d2bb0ff4dc856eb317196c59ac3e932,0xd90e2f925da726b50c4ed8d0fb90ad053324f31b,0,0.4042773011831,0,410,62.807,62.8,687500,8018807430,431800,null,null
1749467603,2025-06-09T11:13:23.000,0xa160cdab225685da1d56aa342ad8841c3b53f291,0x5b6105f594236455f2f244715b08268f931fe5d637139bc0d39e3704ba56710f,0x59d0ce52c2a6259837bdb4bc6784c2c31f4a0fd4,0x7d2a66f05d2bb0ff4dc856eb317196c59ac3e932,4,0.4042773011831,0x7d2a66f05d2bb0ff4dc856eb317196c59ac3e932,0xd90e2f925da726b50c4ed8d0fb90ad053324f31b,0,99.5957226988169,0,410,62.807,62.8,687500,8018807430,431800,null,null
1749467267,2025-06-09T11:07:47.000,0xa160cdab225685da1d56aa342ad8841c3b53f291,0xfe604dca8c9847c30f1d430e8a685b6fd715f11f84d7216458d4c42c9431f485,0xc6f6f9d979b2858829d6535cfe4c66bed48d9a40,0xc0f12799b8d3fa8810dfe1616095170c72117f8f,2,0.40434668520824996,0xc0f12799b8d3fa8810dfe1616095170c72117f8f,0xd90e2f925da726b50c4ed8d0fb90ad053324f31b,0,0.40434668520824996,0,271,62.809,62.8,687500,7857715518,431812,null,null
1749467267,2025-06-09T11:07:47.000,0xa160cdab225685da1d56aa342ad8841c3b53f291,0xfe604dca8c9847c30f1d430e8a685b6fd715f11f84d7216458d4c42c9431f485,0xc6f6f9d979b2858829d6535cfe4c66bed48d9a40,0xc0f12799b8d3fa8810dfe1616095170c72117f8f,2,0.40434668520824996,0xc0f12799b8d3fa8810dfe1616095170c72117f8f,0xd90e2f925da726b50c4ed8d0fb90ad053324f31b,0,99.59565331479175,0,271,62.809,62.8,687500,7857715518,431812,null,null
1749466787,2025-06-09T10:59:47.000,0xa160cdab225685da1d56aa342ad8841c3b53f291,0xcd334edc56beaf79b165975ac671134c36af66de1189595afdc4b09b28f2fefe,0x99d6906c17dcefcc3851cea374b21e4b7695fe3e,0x0e9d9a828247f5eed7f6d31d213a39805de52441,2,0.40386586473569996,0x0e9d9a828247f5eed7f6d31d213a39805de52441,0xd90e2f925da726b50c4ed8d0fb90ad053324f31b,0,99.5961341352643,0,1260,62.81,62.8,687500,6842567803,431824,null,null
1749466787,2025-06-09T10:59:47.000,0xa160cdab225685da1d56aa342ad8841c3b53f291,0xcd334edc56beaf79b165975ac671134c36af66de1189595afdc4b09b28f2fefe,0x99d6906c17dcefcc3851cea374b21e4b7695fe3e,0x0e9d9a828247f5eed7f6d31d213a39805de52441,2,0.40386586473569996,0x0e9d9a828247f5eed7f6d31d213a39805de52441,0xd90e2f925da726b50c4ed8d0fb90ad053324f31b,0,0.40386586473569996,0,1260,62.81,62.8,687500,6842567803,431824,null,null
1749464303,2025-06-09T10:18:23.000,0xa160cdab225685da1d56aa342ad8841c3b53f291,0x2ea8dbba6b1b523e32c91041af98f28485eb766896a1df0243ff224acde6e446,0x9a7600e0b2bffe17960f6f1afec1016814abeef8,0x69ce09ab548ffb0b46978fdabb44beb2344608d5,4,0.40501520486665,0x69ce09ab548ffb0b46978fdabb44beb2344608d5,0xd90e2f925da726b50c4ed8d0fb90ad053324f31b,0,99.59498479513334,0,45,59.165,59.2,687500,9164165531,406764,null,null
1749464303,2025-06-09T10:18:23.000,0xa160cdab225685da1d56aa342ad8841c3b53f291,0x2ea8dbba6b1b523e32c91041af98f28485eb766896a1df0243ff224acde6e446,0x9a7600e0b2bffe17960f6f1afec1016814abeef8,0x69ce09ab548ffb0b46978fdabb44beb2344608d5,4,0.40501520486665,0x69ce09ab548ffb0b46978fdabb44beb2344608d5,0xd90e2f925da726b50c4ed8d0fb90ad053324f31b,0,0.40501520486665,0,45,59.165,59.2,687500,9164165531,406764,null,null
1749464207,2025-06-09T10:16:47.000,0xa160cdab225685da1d56aa342ad8841c3b53f291,0x5f584f8c956432337e99a117ca2ccfb94716cab2207a11dee8f670861a496f29,0x9a7600e0b2bffe17960f6f1afec1016814abeef8,0x69ce09ab548ffb0b46978fdabb44beb2344608d5,4,0.4055561616,0x69ce09ab548ffb0b46978fdabb44beb2344608d5,0xd90e2f925da726b50c4ed8d0fb90ad053324f31b,0,99.59444383840001,0,44,62.805,62.8,687500,8891410190,431788,null,null
1749464207,2025-06-09T10:16:47.000,0xa160cdab225685da1d56aa342ad8841c3b53f291,0x5f584f8c956432337e99a117ca2ccfb94716cab2207a11dee8f670861a496f29,0x9a7600e0b2bffe17960f6f1afec1016814abeef8,0x69ce09ab548ffb0b46978fdabb44beb2344608d5,4,0.4055561616,0x69ce09ab548ffb0b46978fdabb44beb2344608d5,0xd90e2f925da726b50c4ed8d0fb90ad053324f31b,0,0.4055561616,0,44,62.805,62.8,687500,8891410190,431788,null,null
1749463619,2025-06-09T10:06:59.000,0xa160cdab225685da1d56aa342ad8841c3b53f291,0xb67d7f8facb04693b07ad369fb8ef85e70467d0d53067ba1ecfd973fdc82d393,0x33bf02900f77b8de00017d471212272a29be5d5c,0x7d2a66f05d2bb0ff4dc856eb317196c59ac3e932,4,0.4057149567508,0x7d2a66f05d2bb0ff4dc856eb317196c59ac3e932,0xd90e2f925da726b50c4ed8d0fb90ad053324f31b,0,99.5942850432492,0,409,59.169,59.2,687500,10334850303,406788,null,null
1749463619,2025-06-09T10:06:59.000,0xa160cdab225685da1d56aa342ad8841c3b53f291,0xb67d7f8facb04693b07ad369fb8ef85e70467d0d53067ba1ecfd973fdc82d393,0x33bf02900f77b8de00017d471212272a29be5d5c,0x7d2a66f05d2bb0ff4dc856eb317196c59ac3e932,4,0.4057149567508,0x7d2a66f05d2bb0ff4dc856eb317196c59ac3e932,0xd90e2f925da726b50c4ed8d0fb90ad053324f31b,0,0.4057149567508,0,409,59.169,59.2,687500,10334850303,406788,null,null
1749459107,2025-06-09T08:51:47.000,0xa160cdab225685da1d56aa342ad8841c3b53f291,0x75f1b6473f9f3c6d7f459a75f1a8e01f81f28dad443a17f09f517d984f72c3fc,0x33bf02900f77b8de00017d471212272a29be5d5c,0x7d2a66f05d2bb0ff4dc856eb317196c59ac3e932,4,0.43236396158845,0x7d2a66f05d2bb0ff4dc856eb317196c59ac3e932,0xd90e2f925da726b50c4ed8d0fb90ad053324f31b,0,99.56763603841155,0,408,62.802,62.8,687500,4251433793,431764,null,null
1749459107,2025-06-09T08:51:47.000,0xa160cdab225685da1d56aa342ad8841c3b53f291,0x75f1b6473f9f3c6d7f459a75f1a8e01f81f28dad443a17f09f517d984f72c3fc,0x33bf02900f77b8de00017d471212272a29be5d5c,0x7d2a66f05d2bb0ff4dc856eb317196c59ac3e932,4,0.43236396158845,0x7d2a66f05d2bb0ff4dc856eb317196c59ac3e932,0xd90e2f925da726b50c4ed8d0fb90ad053324f31b,0,0.43236396158845,0,408,62.802,62.8,687500,4251433793,431764,null,null
1749457715,2025-06-09T08:28:35.000,0xa160cdab225685da1d56aa342ad8841c3b53f291,0x0746208e9bfd2e656847d2846ac4eb706683ae53fdb34e5f9bc1eb30d6b2f101,0xc974ae55d0808cb0e3ab98d3412f21e52ec8f0d4,0x69ce09ab548ffb0b46978fdabb44beb2344608d5,4,0.40226923947470006,0x69ce09ab548ffb0b46978fdabb44beb2344608d5,0xd90e2f925da726b50c4ed8d0fb90ad053324f31b,0,99.5977307605253,0,43,59.172,59.2,687500,4097113685,406812,null,null
1749457715,2025-06-09T08:28:35.000,0xa160cdab225685da1d56aa342ad8841c3b53f291,0x0746208e9bfd2e656847d2846ac4eb706683ae53fdb34e5f9bc1eb30d6b2f101,0xc974ae55d0808cb0e3ab98d3412f21e52ec8f0d4,0x69ce09ab548ffb0b46978fdabb44beb2344608d5,4,0.40226923947470006,0x69ce09ab548ffb0b46978fdabb44beb2344608d5,0xd90e2f925da726b50c4ed8d0fb90ad053324f31b,0,0.40226923947470006,0,43,59.172,59.2,687500,4097113685,406812,null,null
1749457631,2025-06-09T08:27:11.000,0xa160cdab225685da1d56aa342ad8841c3b53f291,0xa48616e9469e760d8697a182a77760da6706b0e200be26a3ad3786989b6d24c4,0xc974ae55d0808cb0e3ab98d3412f21e52ec8f0d4,0x69ce09ab548ffb0b46978fdabb44beb2344608d5,4,0.40221803772630005,0x69ce09ab548ffb0b46978fdabb44beb2344608d5,0xd90e2f925da726b50c4ed8d0fb90ad053324f31b,0,0.40221803772630005,0,42,62.81,62.8,687500,3974097435,431824,null,null
1749457631,2025-06-09T08:27:11.000,0xa160cdab225685da1d56aa342ad8841c3b53f291,0xa48616e9469e760d8697a182a77760da6706b0e200be26a3ad3786989b6d24c4,0xc974ae55d0808cb0e3ab98d3412f21e52ec8f0d4,0x69ce09ab548ffb0b46978fdabb44beb2344608d5,4,0.40221803772630005,0x69ce09ab548ffb0b46978fdabb44beb2344608d5,0xd90e2f925da726b50c4ed8d0fb90ad053324f31b,0,99.5977819622737,0,42,62.81,62.8,687500,3974097435,431824,null,null
1749455327,2025-06-09T07:48:47.000,0xa160cdab225685da1d56aa342ad8841c3b53f291,0x0baf8328aa46578ac84e14b808789a8c87427dc78d5b1994702cf83d60bc8a35,0x36838c7ff458de4d961b92b841ccc4b5c6235c2b,0x7d2a66f05d2bb0ff4dc856eb317196c59ac3e932,2,0.40198416127415004,0x7d2a66f05d2bb0ff4dc856eb317196c59ac3e932,0xd90e2f925da726b50c4ed8d0fb90ad053324f31b,0,0.40198416127415004,0,407,62.807,62.8,687500,3615709103,431800,null,null
1749455327,2025-06-09T07:48:47.000,0xa160cdab225685da1d56aa342ad8841c3b53f291,0x0baf8328aa46578ac84e14b808789a8c87427dc78d5b1994702cf83d60bc8a35,0x36838c7ff458de4d961b92b841ccc4b5c6235c2b,0x7d2a66f05d2bb0ff4dc856eb317196c59ac3e932,2,0.40198416127415004,0x7d2a66f05d2bb0ff4dc856eb317196c59ac3e932,0xd90e2f925da726b50c4ed8d0fb90ad053324f31b,0,99.59801583872584,0,407,62.807,62.8,687500,3615709103,431800,null,null
1749453851,2025-06-09T07:24:11.000,0xa160cdab225685da1d56aa342ad8841c3b53f291,0xa94b7322a44e299c60e46725f646255abd3e271bb24192971a7fbaee54f615c7,0xd35c32932b9ca226b6e4501703cdd8cebe468d78,0x3a1d526d09b7e59fd88de4726f68a8246ddc2742,2,0.4019962246062,0x3a1d526d09b7e59fd88de4726f68a8246ddc2742,0xd90e2f925da726b50c4ed8d0fb90ad053324f31b,0,99.59800377539379,0,6603,71.077,71.1,687500,3662081075,488658,null,null
1749453851,2025-06-09T07:24:11.000,0xa160cdab225685da1d56aa342ad8841c3b53f291,0xa94b7322a44e299c60e46725f646255abd3e271bb24192971a7fbaee54f615c7,0xd35c32932b9ca226b6e4501703cdd8cebe468d78,0x3a1d526d09b7e59fd88de4726f68a8246ddc2742,2,0.4019962246062,0x3a1d526d09b7e59fd88de4726f68a8246ddc2742,0xd90e2f925da726b50c4ed8d0fb90ad053324f31b,0,0.4019962246062,0,6603,71.077,71.1,687500,3662081075,488658,null,null
1749438299,2025-06-09T03:04:59.000,0xa160cdab225685da1d56aa342ad8841c3b53f291,0xa37b1d9ac105192e9fdd6af8facec55f591f1a593dcc05b81ae03ce4c5cf5806,0x8ca88bcab3adeb174922e4659b7650c08eaf3f35,0xc6398b4e8b60720051ed33f5c5a692f9785f5580,2,0.4019935621486,0xc6398b4e8b60720051ed33f5c5a692f9785f5580,0xd90e2f925da726b50c4ed8d0fb90ad053324f31b,0,99.5980064378514,0,433,62.805,62.8,687500,3584125294,431788,null,null
1749438299,2025-06-09T03:04:59.000,0xa160cdab225685da1d56aa342ad8841c3b53f291,0xa37b1d9ac105192e9fdd6af8facec55f591f1a593dcc05b81ae03ce4c5cf5806,0x8ca88bcab3adeb174922e4659b7650c08eaf3f35,0xc6398b4e8b60720051ed33f5c5a692f9785f5580,2,0.4019935621486,0xc6398b4e8b60720051ed33f5c5a692f9785f5580,0xd90e2f925da726b50c4ed8d0fb90ad053324f31b,0,0.4019935621486,0,433,62.805,62.8,687500,3584125294,431788,null,null
1749436787,2025-06-09T02:39:47.000,0xa160cdab225685da1d56aa342ad8841c3b53f291,0x3a8019a851aceb6d5ed809de0b753a09ae69e01c6aeb754b49edf1fbdc0c01d2,0xe4fcbac5145c9366c7f28627a739dbd5b8720b40,0x0e9d9a828247f5eed7f6d31d213a39805de52441,2,0.401928874409,0x0e9d9a828247f5eed7f6d31d213a39805de52441,0xd90e2f925da726b50c4ed8d0fb90ad053324f31b,0,0.401928874409,0,1258,62.809,62.8,687500,3533516411,431812,null,null
1749436787,2025-06-09T02:39:47.000,0xa160cdab225685da1d56aa342ad8841c3b53f291,0x3a8019a851aceb6d5ed809de0b753a09ae69e01c6aeb754b49edf1fbdc0c01d2,0xe4fcbac5145c9366c7f28627a739dbd5b8720b40,0x0e9d9a828247f5eed7f6d31d213a39805de52441,2,0.401928874409,0x0e9d9a828247f5eed7f6d31d213a39805de52441,0xd90e2f925da726b50c4ed8d0fb90ad053324f31b,0,99.598071125591,0,1258,62.809,62.8,687500,3533516411,431812,null,null
1749436667,2025-06-09T02:37:47.000,0xa160cdab225685da1d56aa342ad8841c3b53f291,0x7693251822e35962eb7ea5ac72726607a3bc4bcb749e06f3986f276de02e34f7,0xecabd89dfbc86f5057f932ac00a5522f784859ff,0xc49415493eb3ec64a0f13d8aa5056f1cfc4ce35c,2,0.40193937020255,0xc49415493eb3ec64a0f13d8aa5056f1cfc4ce35c,0xd90e2f925da726b50c4ed8d0fb90ad053324f31b,0,99.59806062979746,2,3744,62.807,62.8,687500,1444474297,431800,1444474297,1000000000
1749436667,2025-06-09T02:37:47.000,0xa160cdab225685da1d56aa342ad8841c3b53f291,0x7693251822e35962eb7ea5ac72726607a3bc4bcb749e06f3986f276de02e34f7,0xecabd89dfbc86f5057f932ac00a5522f784859ff,0xc49415493eb3ec64a0f13d8aa5056f1cfc4ce35c,2,0.40193937020255,0xc49415493eb3ec64a0f13d8aa5056f1cfc4ce35c,0xd90e2f925da726b50c4ed8d0fb90ad053324f31b,0,0.40193937020255,2,3744,62.807,62.8,687500,1444474297,431800,1444474297,1000000000
1749436175,2025-06-09T02:29:35.000,0xa160cdab225685da1d56aa342ad8841c3b53f291,0x8029a73d12bd21459334911b438bbe8bcfeac8df14f27a582ad1081f3ca74f99,0x30627374a618fb5ba16dc027eaae6a7108eb7571,0xc6398b4e8b60720051ed33f5c5a692f9785f5580,2,0.40191866050529995,0xc6398b4e8b60720051ed33f5c5a692f9785f5580,0xd90e2f925da726b50c4ed8d0fb90ad053324f31b,0,99.5980813394947,0,432,62.805,62.8,687500,3509490642,431788,null,null
1749436175,2025-06-09T02:29:35.000,0xa160cdab225685da1d56aa342ad8841c3b53f291,0x8029a73d12bd21459334911b438bbe8bcfeac8df14f27a582ad1081f3ca74f99,0x30627374a618fb5ba16dc027eaae6a7108eb7571,0xc6398b4e8b60720051ed33f5c5a692f9785f5580,2,0.40191866050529995,0xc6398b4e8b60720051ed33f5c5a692f9785f5580,0xd90e2f925da726b50c4ed8d0fb90ad053324f31b,0,0.40191866050529995,0,432,62.805,62.8,687500,3509490642,431788,null,null
1749435935,2025-06-09T02:25:35.000,0xa160cdab225685da1d56aa342ad8841c3b53f291,0x0a6beaf7b766c559edd267c4018d7b668f7bcc0c167ad0bb5f6da0abd20eb839,0xc2fb120935c9692a41fac531b3e041f5ae051d43,0x69ce09ab548ffb0b46978fdabb44beb2344608d5,4,0.40197980318195004,0x69ce09ab548ffb0b46978fdabb44beb2344608d5,0xd90e2f925da726b50c4ed8d0fb90ad053324f31b,0,99.59802019681804,0,36,59.17,59.2,687500,3589373276,406800,null,null
1749435935,2025-06-09T02:25:35.000,0xa160cdab225685da1d56aa342ad8841c3b53f291,0x0a6beaf7b766c559edd267c4018d7b668f7bcc0c167ad0bb5f6da0abd20eb839,0xc2fb120935c9692a41fac531b3e041f5ae051d43,0x69ce09ab548ffb0b46978fdabb44beb2344608d5,4,0.40197980318195004,0x69ce09ab548ffb0b46978fdabb44beb2344608d5,0xd90e2f925da726b50c4ed8d0fb90ad053324f31b,0,0.40197980318195004,0,36,59.17,59.2,687500,3589373276,406800,null,null
1749435875,2025-06-09T02:24:35.000,0xa160cdab225685da1d56aa342ad8841c3b53f291,0x782896dbebbe76708530efd63dfedef899acb924cb2bf8cd3ecad25a1a70c373,0xc2fb120935c9692a41fac531b3e041f5ae051d43,0x69ce09ab548ffb0b46978fdabb44beb2344608d5,4,0.40198099410135,0x69ce09ab548ffb0b46978fdabb44beb2344608d5,0xd90e2f925da726b50c4ed8d0fb90ad053324f31b,0,99.59801900589865,0,35,62.809,62.8,687500,3599642149,431812,null,null
1749435875,2025-06-09T02:24:35.000,0xa160cdab225685da1d56aa342ad8841c3b53f291,0x782896dbebbe76708530efd63dfedef899acb924cb2bf8cd3ecad25a1a70c373,0xc2fb120935c9692a41fac531b3e041f5ae051d43,0x69ce09ab548ffb0b46978fdabb44beb2344608d5,4,0.40198099410135,0x69ce09ab548ffb0b46978fdabb44beb2344608d5,0xd90e2f925da726b50c4ed8d0fb90ad053324f31b,0,0.40198099410135,0,35,62.809,62.8,687500,3599642149,431812,null,null
1749434795,2025-06-09T02:06:35.000,0xa160cdab225685da1d56aa342ad8841c3b53f291,0x5d519282062650ca26dd865a979702caf5ddb6315ba766023400768934078bb3,0x0e0ecb5d17f6e513c2abe38e1dd28ee4b486d492,0x5555555731006f71f121144534ca7c8799f66aa3,2,0.43201225822324996,0x5555555731006f71f121144534ca7c8799f66aa3,0xd90e2f925da726b50c4ed8d0fb90ad053324f31b,0,99.56798774177676,2,3766,62.805,62.8,687500,1640057174,431788,1643642508,1000000000
1749434795,2025-06-09T02:06:35.000,0xa160cdab225685da1d56aa342ad8841c3b53f291,0x5d519282062650ca26dd865a979702caf5ddb6315ba766023400768934078bb3,0x0e0ecb5d17f6e513c2abe38e1dd28ee4b486d492,0x5555555731006f71f121144534ca7c8799f66aa3,2,0.43201225822324996,0x5555555731006f71f121144534ca7c8799f66aa3,0xd90e2f925da726b50c4ed8d0fb90ad053324f31b,0,0.43201225822324996,2,3766,62.805,62.8,687500,1640057174,431788,1643642508,1000000000
1749433631,2025-06-09T01:47:11.000,0xa160cdab225685da1d56aa342ad8841c3b53f291,0xa1460a41d7d9c05be9ebf0233157c2c3b9652a6cf93f1804582405567eadbfa1,0x1a8c5e26f45f3b40526b74dd7db70db24d0d5d85,0x7d2a66f05d2bb0ff4dc856eb317196c59ac3e932,4,0.4019579915443,0x7d2a66f05d2bb0ff4dc856eb317196c59ac3e932,0xd90e2f925da726b50c4ed8d0fb90ad053324f31b,0,99.59804200845569,0,404,59.174,59.2,687500,3602247540,406824,null,null
1749433631,2025-06-09T01:47:11.000,0xa160cdab225685da1d56aa342ad8841c3b53f291,0xa1460a41d7d9c05be9ebf0233157c2c3b9652a6cf93f1804582405567eadbfa1,0x1a8c5e26f45f3b40526b74dd7db70db24d0d5d85,0x7d2a66f05d2bb0ff4dc856eb317196c59ac3e932,4,0.4019579915443,0x7d2a66f05d2bb0ff4dc856eb317196c59ac3e932,0xd90e2f925da726b50c4ed8d0fb90ad053324f31b,0,0.4019579915443,0,404,59.174,59.2,687500,3602247540,406824,null,null
1749433247,2025-06-09T01:40:47.000,0xa160cdab225685da1d56aa342ad8841c3b53f291,0xf85e7b317aae214285a7f73555458d69427e38c0c881cbc8d44796caec6c29c8,0xed34d7ad5daf14c91ed58788139da4d30741335f,0x5555555731006f71f121144534ca7c8799f66aa3,2,0.43203345675169996,0x5555555731006f71f121144534ca7c8799f66aa3,0xd90e2f925da726b50c4ed8d0fb90ad053324f31b,0,99.56796654324829,2,3764,62.805,62.8,687500,1637619115,431788,1637619115,1000000000
1749433247,2025-06-09T01:40:47.000,0xa160cdab225685da1d56aa342ad8841c3b53f291,0xf85e7b317aae214285a7f73555458d69427e38c0c881cbc8d44796caec6c29c8,0xed34d7ad5daf14c91ed58788139da4d30741335f,0x5555555731006f71f121144534ca7c8799f66aa3,2,0.43203345675169996,0x5555555731006f71f121144534ca7c8799f66aa3,0xd90e2f925da726b50c4ed8d0fb90ad053324f31b,0,0.43203345675169996,2,3764,62.805,62.8,687500,1637619115,431788,1637619115,1000000000
1749431363,2025-06-09T01:09:23.000,0xa160cdab225685da1d56aa342ad8841c3b53f291,0x7f2c6f78c88581820ae97defbc0ad25f9d4db778ef942f900c7c84b39de77c34,0x90e15d35cd66247c0b0f8c20d449ef7ab37a95b9,0x7d2a66f05d2bb0ff4dc856eb317196c59ac3e932,4,0.40191615229355,0x7d2a66f05d2bb0ff4dc856eb317196c59ac3e932,0xd90e2f925da726b50c4ed8d0fb90ad053324f31b,0,99.59808384770645,0,403,59.174,59.2,687500,3513826500,406824,null,null
1749431363,2025-06-09T01:09:23.000,0xa160cdab225685da1d56aa342ad8841c3b53f291,0x7f2c6f78c88581820ae97defbc0ad25f9d4db778ef942f900c7c84b39de77c34,0x90e15d35cd66247c0b0f8c20d449ef7ab37a95b9,0x7d2a66f05d2bb0ff4dc856eb317196c59ac3e932,4,0.40191615229355,0x7d2a66f05d2bb0ff4dc856eb317196c59ac3e932,0xd90e2f925da726b50c4ed8d0fb90ad053324f31b,0,0.40191615229355,0,403,59.174,59.2,687500,3513826500,406824,null,null
1749431231,2025-06-09T01:07:11.000,0xa160cdab225685da1d56aa342ad8841c3b53f291,0x833214cfc8ae351148a5e6ed282357343720ac25ed571a82daec121e2d2aace7,0x90e15d35cd66247c0b0f8c20d449ef7ab37a95b9,0x7d2a66f05d2bb0ff4dc856eb317196c59ac3e932,4,0.401944080303,0x7d2a66f05d2bb0ff4dc856eb317196c59ac3e932,0xd90e2f925da726b50c4ed8d0fb90ad053324f31b,0,99.598055919697,0,401,62.809,62.8,687500,3490685088,431812,null,null
1749431231,2025-06-09T01:07:11.000,0xa160cdab225685da1d56aa342ad8841c3b53f291,0x833214cfc8ae351148a5e6ed282357343720ac25ed571a82daec121e2d2aace7,0x90e15d35cd66247c0b0f8c20d449ef7ab37a95b9,0x7d2a66f05d2bb0ff4dc856eb317196c59ac3e932,4,0.401944080303,0x7d2a66f05d2bb0ff4dc856eb317196c59ac3e932,0xd90e2f925da726b50c4ed8d0fb90ad053324f31b,0,0.401944080303,0,401,62.809,62.8,687500,3490685088,431812,null,null
1749430907,2025-06-09T01:01:47.000,0xa160cdab225685da1d56aa342ad8841c3b53f291,0x71653632044675e498a0accfa18f0ecf47a9f8c52e0d7aa2b2be4066c4b564ea,0x1a8c5e26f45f3b40526b74dd7db70db24d0d5d85,0xc49415493eb3ec64a0f13d8aa5056f1cfc4ce35c,4,0.4019114865539,0xc49415493eb3ec64a0f13d8aa5056f1cfc4ce35c,0xd90e2f925da726b50c4ed8d0fb90ad053324f31b,0,99.5980885134461,2,3741,62.809,62.8,687500,1485264245,431812,1485264245,1000000000
1749430907,2025-06-09T01:01:47.000,0xa160cdab225685da1d56aa342ad8841c3b53f291,0x71653632044675e498a0accfa18f0ecf47a9f8c52e0d7aa2b2be4066c4b564ea,0x1a8c5e26f45f3b40526b74dd7db70db24d0d5d85,0xc49415493eb3ec64a0f13d8aa5056f1cfc4ce35c,4,0.4019114865539,0xc49415493eb3ec64a0f13d8aa5056f1cfc4ce35c,0xd90e2f925da726b50c4ed8d0fb90ad053324f31b,0,0.4019114865539,2,3741,62.809,62.8,687500,1485264245,431812,1485264245,1000000000
1749430235,2025-06-09T00:50:35.000,0xa160cdab225685da1d56aa342ad8841c3b53f291,0xbec17d1e3d5a1106efbd3a9f1d1f56ad6444a6e98bf82e14ce0e3ab6d0ce5af9,0xdb0b56196570a64ecb76d76d9bed6c62d03ac8fb,0x7d2a66f05d2bb0ff4dc856eb317196c59ac3e932,4,0.40189897443175,0x7d2a66f05d2bb0ff4dc856eb317196c59ac3e932,0xd90e2f925da726b50c4ed8d0fb90ad053324f31b,0,99.59810102556824,0,398,59.172,59.2,687500,3451538446,406812,null,null
1749430235,2025-06-09T00:50:35.000,0xa160cdab225685da1d56aa342ad8841c3b53f291,0xbec17d1e3d5a1106efbd3a9f1d1f56ad6444a6e98bf82e14ce0e3ab6d0ce5af9,0xdb0b56196570a64ecb76d76d9bed6c62d03ac8fb,0x7d2a66f05d2bb0ff4dc856eb317196c59ac3e932,4,0.40189897443175,0x7d2a66f05d2bb0ff4dc856eb317196c59ac3e932,0xd90e2f925da726b50c4ed8d0fb90ad053324f31b,0,0.40189897443175,0,398,59.172,59.2,687500,3451538446,406812,null,null
1749430163,2025-06-09T00:49:23.000,0xa160cdab225685da1d56aa342ad8841c3b53f291,0x8df3540ca73a1d519705d99f2e98c662e2ddcb2160ff6da36766f97fbc28c44d,0xdb0b56196570a64ecb76d76d9bed6c62d03ac8fb,0x7d2a66f05d2bb0ff4dc856eb317196c59ac3e932,4,0.4019082391592,0x7d2a66f05d2bb0ff4dc856eb317196c59ac3e932,0xd90e2f925da726b50c4ed8d0fb90ad053324f31b,0,99.5980917608408,0,397,62.807,62.8,687500,3443089039,431800,null,null
1749430163,2025-06-09T00:49:23.000,0xa160cdab225685da1d56aa342ad8841c3b53f291,0x8df3540ca73a1d519705d99f2e98c662e2ddcb2160ff6da36766f97fbc28c44d,0xdb0b56196570a64ecb76d76d9bed6c62d03ac8fb,0x7d2a66f05d2bb0ff4dc856eb317196c59ac3e932,4,0.4019082391592,0x7d2a66f05d2bb0ff4dc856eb317196c59ac3e932,0xd90e2f925da726b50c4ed8d0fb90ad053324f31b,0,0.4019082391592,0,397,62.807,62.8,687500,3443089039,431800,null,null
1749429515,2025-06-09T00:38:35.000,0xa160cdab225685da1d56aa342ad8841c3b53f291,0x735ebb10e18579001ffc57837224b5827b1d89721aedd68a041243c179aa1ec5,0x8548f298dac146c118a334a607c3c962dbba9cb5,0x69ce09ab548ffb0b46978fdabb44beb2344608d5,8,0.40189584059115,0x69ce09ab548ffb0b46978fdabb44beb2344608d5,0xd90e2f925da726b50c4ed8d0fb90ad053324f31b,0,99.59810415940885,0,28,59.174,59.2,687500,3487417371,406824,null,null
1749429515,2025-06-09T00:38:35.000,0xa160cdab225685da1d56aa342ad8841c3b53f291,0x735ebb10e18579001ffc57837224b5827b1d89721aedd68a041243c179aa1ec5,0x8548f298dac146c118a334a607c3c962dbba9cb5,0x69ce09ab548ffb0b46978fdabb44beb2344608d5,8,0.40189584059115,0x69ce09ab548ffb0b46978fdabb44beb2344608d5,0xd90e2f925da726b50c4ed8d0fb90ad053324f31b,0,0.40189584059115,0,28,59.174,59.2,687500,3487417371,406824,null,null
1749429431,2025-06-09T00:37:11.000,0xa160cdab225685da1d56aa342ad8841c3b53f291,0x375a04bb9a819d89fbc191064763f2ff43e3290d9f7a729a7e476507256135f3,0x8548f298dac146c118a334a607c3c962dbba9cb5,0x69ce09ab548ffb0b46978fdabb44beb2344608d5,8,0.40189184365424996,0x69ce09ab548ffb0b46978fdabb44beb2344608d5,0xd90e2f925da726b50c4ed8d0fb90ad053324f31b,0,99.59810815634575,0,27,59.174,59.2,687500,3418623018,406824,null,null
1749429431,2025-06-09T00:37:11.000,0xa160cdab225685da1d56aa342ad8841c3b53f291,0x375a04bb9a819d89fbc191064763f2ff43e3290d9f7a729a7e476507256135f3,0x8548f298dac146c118a334a607c3c962dbba9cb5,0x69ce09ab548ffb0b46978fdabb44beb2344608d5,8,0.40189184365424996,0x69ce09ab548ffb0b46978fdabb44beb2344608d5,0xd90e2f925da726b50c4ed8d0fb90ad053324f31b,0,0.40189184365424996,0,27,59.174,59.2,687500,3418623018,406824,null,null
1749429359,2025-06-09T00:35:59.000,0xa160cdab225685da1d56aa342ad8841c3b53f291,0x5c008717bf41a432b338e96b1ebd70dbe51f32126b34b570366a25611ece5ae5,0x8548f298dac146c118a334a607c3c962dbba9cb5,0x69ce09ab548ffb0b46978fdabb44beb2344608d5,8,0.401880910306,0x69ce09ab548ffb0b46978fdabb44beb2344608d5,0xd90e2f925da726b50c4ed8d0fb90ad053324f31b,0,99.598119089694,0,26,59.172,59.2,687500,3425561004,406812,null,null
1749429359,2025-06-09T00:35:59.000,0xa160cdab225685da1d56aa342ad8841c3b53f291,0x5c008717bf41a432b338e96b1ebd70dbe51f32126b34b570366a25611ece5ae5,0x8548f298dac146c118a334a607c3c962dbba9cb5,0x69ce09ab548ffb0b46978fdabb44beb2344608d5,8,0.401880910306,0x69ce09ab548ffb0b46978fdabb44beb2344608d5,0xd90e2f925da726b50c4ed8d0fb90ad053324f31b,0,0.401880910306,0,26,59.172,59.2,687500,3425561004,406812,null,null
1749429215,2025-06-09T00:33:35.000,0xa160cdab225685da1d56aa342ad8841c3b53f291,0x2ada6fb1e70b35c474cb039d638fafd6452459c1b0f56c69c3797e748539c23e,0x8548f298dac146c118a334a607c3c962dbba9cb5,0x69ce09ab548ffb0b46978fdabb44beb2344608d5,8,0.40186095464115,0x69ce09ab548ffb0b46978fdabb44beb2344608d5,0xd90e2f925da726b50c4ed8d0fb90ad053324f31b,0,99.59813904535885,0,25,62.81,62.8,687500,3408623330,431824,null,null
1749429215,2025-06-09T00:33:35.000,0xa160cdab225685da1d56aa342ad8841c3b53f291,0x2ada6fb1e70b35c474cb039d638fafd6452459c1b0f56c69c3797e748539c23e,0x8548f298dac146c118a334a607c3c962dbba9cb5,0x69ce09ab548ffb0b46978fdabb44beb2344608d5,8,0.40186095464115,0x69ce09ab548ffb0b46978fdabb44beb2344608d5,0xd90e2f925da726b50c4ed8d0fb90ad053324f31b,0,0.40186095464115,0,25,62.81,62.8,687500,3408623330,431824,null,null
1749425387,2025-06-08T23:29:47.000,0xa160cdab225685da1d56aa342ad8841c3b53f291,0x2b899fe019bd0ae2af9025364d577e1f698e95bef31f7cbaae283679cff08019,0xade479ca3682d6409526a43c4d4dac37c2d4e0ba,0xda0b76cc92e94a6f972ed29c104bbe8d73c2f753,2,0.40188482197584996,0x4af043aca08bbe1fa2ac78eb205ea353327aa5ce,0xd90e2f925da726b50c4ed8d0fb90ad053324f31b,0,99.59811517802416,0,569,63.172,63.2,687500,3420741503,434312,null,null
1749425387,2025-06-08T23:29:47.000,0xa160cdab225685da1d56aa342ad8841c3b53f291,0x2b899fe019bd0ae2af9025364d577e1f698e95bef31f7cbaae283679cff08019,0xade479ca3682d6409526a43c4d4dac37c2d4e0ba,0xda0b76cc92e94a6f972ed29c104bbe8d73c2f753,2,0.40188482197584996,0x4af043aca08bbe1fa2ac78eb205ea353327aa5ce,0xd90e2f925da726b50c4ed8d0fb90ad053324f31b,0,0.40188482197584996,0,569,63.172,63.2,687500,3420741503,434312,null,null
1749424787,2025-06-08T23:19:47.000,0xa160cdab225685da1d56aa342ad8841c3b53f291,0xd4e940505392fbed080c913c6b22c1d530a4756f918ced50992b3895042147f6,0x212d377c874206fcedddb7f3ecfd51894cb9056e,0xda0b76cc92e94a6f972ed29c104bbe8d73c2f753,2,0.40188173498205,0x4af043aca08bbe1fa2ac78eb205ea353327aa5ce,0xd90e2f925da726b50c4ed8d0fb90ad053324f31b,0,99.59811826501794,0,568,63.172,63.2,687500,3418076006,434312,null,null
1749424787,2025-06-08T23:19:47.000,0xa160cdab225685da1d56aa342ad8841c3b53f291,0xd4e940505392fbed080c913c6b22c1d530a4756f918ced50992b3895042147f6,0x212d377c874206fcedddb7f3ecfd51894cb9056e,0xda0b76cc92e94a6f972ed29c104bbe8d73c2f753,2,0.40188173498205,0x4af043aca08bbe1fa2ac78eb205ea353327aa5ce,0xd90e2f925da726b50c4ed8d0fb90ad053324f31b,0,0.40188173498205,0,568,63.172,63.2,687500,3418076006,434312,null,null
1749415919,2025-06-08T20:51:59.000,0xa160cdab225685da1d56aa342ad8841c3b53f291,0x5b158f29423de2c9eb36ca8916f658ca01bca19f2299269f147c38af3accd76f,0x8e46e506c700bca1f12fad7b6fce600abb107164,0x3a1d526d09b7e59fd88de4726f68a8246ddc2742,2,0.40208130523755004,0x3a1d526d09b7e59fd88de4726f68a8246ddc2742,0xd90e2f925da726b50c4ed8d0fb90ad053324f31b,0,99.59791869476244,0,6597,62.803,62.8,687500,3763447787,431776,null,null
1749415919,2025-06-08T20:51:59.000,0xa160cdab225685da1d56aa342ad8841c3b53f291,0x5b158f29423de2c9eb36ca8916f658ca01bca19f2299269f147c38af3accd76f,0x8e46e506c700bca1f12fad7b6fce600abb107164,0x3a1d526d09b7e59fd88de4726f68a8246ddc2742,2,0.40208130523755004,0x3a1d526d09b7e59fd88de4726f68a8246ddc2742,0xd90e2f925da726b50c4ed8d0fb90ad053324f31b,0,0.40208130523755004,0,6597,62.803,62.8,687500,3763447787,431776,null,null
1749415223,2025-06-08T20:40:23.000,0xa160cdab225685da1d56aa342ad8841c3b53f291,0xe53970c6ce18d6b37900fff2b81cb89e97c476a242ca7d7f782a1ed65cd5e3c0,0x55c0324cdbbfb1ee03be15998c49337f23a12abf,0x3a1d526d09b7e59fd88de4726f68a8246ddc2742,2,0.40210421522795003,0x3a1d526d09b7e59fd88de4726f68a8246ddc2742,0xd90e2f925da726b50c4ed8d0fb90ad053324f31b,0,99.59789578477205,0,6596,62.805,62.8,687500,3849800291,431788,null,null
1749415223,2025-06-08T20:40:23.000,0xa160cdab225685da1d56aa342ad8841c3b53f291,0xe53970c6ce18d6b37900fff2b81cb89e97c476a242ca7d7f782a1ed65cd5e3c0,0x55c0324cdbbfb1ee03be15998c49337f23a12abf,0x3a1d526d09b7e59fd88de4726f68a8246ddc2742,2,0.40210421522795003,0x3a1d526d09b7e59fd88de4726f68a8246ddc2742,0xd90e2f925da726b50c4ed8d0fb90ad053324f31b,0,0.40210421522795003,0,6596,62.805,62.8,687500,3849800291,431788,null,null
1749413435,2025-06-08T20:10:35.000,0xa160cdab225685da1d56aa342ad8841c3b53f291,0x1af8d5f12c0fc9cf364b44e2766676dbacfb10b2e449df94af6abb0747f04e96,0x67f85198ef01bf04575482c020c44e360a8757f7,0x3a1d526d09b7e59fd88de4726f68a8246ddc2742,2,0.4321605189078,0x3a1d526d09b7e59fd88de4726f68a8246ddc2742,0xd90e2f925da726b50c4ed8d0fb90ad053324f31b,0,99.5678394810922,0,6595,62.809,62.8,687500,3915025472,431812,null,null
1749413435,2025-06-08T20:10:35.000,0xa160cdab225685da1d56aa342ad8841c3b53f291,0x1af8d5f12c0fc9cf364b44e2766676dbacfb10b2e449df94af6abb0747f04e96,0x67f85198ef01bf04575482c020c44e360a8757f7,0x3a1d526d09b7e59fd88de4726f68a8246ddc2742,2,0.4321605189078,0x3a1d526d09b7e59fd88de4726f68a8246ddc2742,0xd90e2f925da726b50c4ed8d0fb90ad053324f31b,0,0.4321605189078,0,6595,62.809,62.8,687500,3915025472,431812,null,null
1749408419,2025-06-08T18:46:59.000,0xa160cdab225685da1d56aa342ad8841c3b53f291,0x6a6dfea99440e420eb70bfdc82fcd8a85c0b2eb1936984c4251eb7a9e306c5cb,0xe0b953a29d846249e7f78f130f5641554102bff9,0x3a1d526d09b7e59fd88de4726f68a8246ddc2742,2,0.40201795167915,0x3a1d526d09b7e59fd88de4726f68a8246ddc2742,0xd90e2f925da726b50c4ed8d0fb90ad053324f31b,0,99.59798204832084,0,6594,62.809,62.8,687500,3712933598,431812,null,null
1749408419,2025-06-08T18:46:59.000,0xa160cdab225685da1d56aa342ad8841c3b53f291,0x6a6dfea99440e420eb70bfdc82fcd8a85c0b2eb1936984c4251eb7a9e306c5cb,0xe0b953a29d846249e7f78f130f5641554102bff9,0x3a1d526d09b7e59fd88de4726f68a8246ddc2742,2,0.40201795167915,0x3a1d526d09b7e59fd88de4726f68a8246ddc2742,0xd90e2f925da726b50c4ed8d0fb90ad053324f31b,0,0.40201795167915,0,6594,62.809,62.8,687500,3712933598,431812,null,null
1749405659,2025-06-08T18:00:59.000,0xa160cdab225685da1d56aa342ad8841c3b53f291,0x9585cbfd43da9c53ad7bb526d4a70492d757f7249128bea06bea0dc685adc203,0xf8dae7783307c251537ba00c77258571f8967edd,0xc49415493eb3ec64a0f13d8aa5056f1cfc4ce35c,2,0.4022193400438,0xc49415493eb3ec64a0f13d8aa5056f1cfc4ce35c,0xd90e2f925da726b50c4ed8d0fb90ad053324f31b,0,99.5977806599562,2,3740,62.81,62.8,687500,1902975539,431824,2016445028,1000000000
1749405659,2025-06-08T18:00:59.000,0xa160cdab225685da1d56aa342ad8841c3b53f291,0x9585cbfd43da9c53ad7bb526d4a70492d757f7249128bea06bea0dc685adc203,0xf8dae7783307c251537ba00c77258571f8967edd,0xc49415493eb3ec64a0f13d8aa5056f1cfc4ce35c,2,0.4022193400438,0xc49415493eb3ec64a0f13d8aa5056f1cfc4ce35c,0xd90e2f925da726b50c4ed8d0fb90ad053324f31b,0,0.4022193400438,2,3740,62.81,62.8,687500,1902975539,431824,2016445028,1000000000
1749404867,2025-06-08T17:47:47.000,0xa160cdab225685da1d56aa342ad8841c3b53f291,0x98d6bc54595faad0ab20ac54cbc7e80da06c73a906aa1473704768814850db47,0x71dc6653cbcbbff91ebfcda589a0e517de3ba5e2,0xe5a4c70113b90566bc5f80a3866935d0d52f990e,2,0.40236453386015003,0xe5a4c70113b90566bc5f80a3866935d0d52f990e,0xd90e2f925da726b50c4ed8d0fb90ad053324f31b,0,99.59763546613985,0,241,62.809,62.8,687500,4250408031,431812,null,null
1749404867,2025-06-08T17:47:47.000,0xa160cdab225685da1d56aa342ad8841c3b53f291,0x98d6bc54595faad0ab20ac54cbc7e80da06c73a906aa1473704768814850db47,0x71dc6653cbcbbff91ebfcda589a0e517de3ba5e2,0xe5a4c70113b90566bc5f80a3866935d0d52f990e,2,0.40236453386015003,0xe5a4c70113b90566bc5f80a3866935d0d52f990e,0xd90e2f925da726b50c4ed8d0fb90ad053324f31b,0,0.40236453386015003,0,241,62.809,62.8,687500,4250408031,431812,null,null
1749404015,2025-06-08T17:33:35.000,0xa160cdab225685da1d56aa342ad8841c3b53f291,0x6d25bbfd8c3b90a172886b4c20140db18bda5d2dbab87c8310a89213009f20ff,0xffea7cc4c8b7929c335d39fcfb47d62d74581602,0xe5a4c70113b90566bc5f80a3866935d0d52f990e,2,0.402141341928,0xe5a4c70113b90566bc5f80a3866935d0d52f990e,0xd90e2f925da726b50c4ed8d0fb90ad053324f31b,0,99.597858658072,0,236,62.809,62.8,687500,3902564988,431812,null,null
1749404015,2025-06-08T17:33:35.000,0xa160cdab225685da1d56aa342ad8841c3b53f291,0x6d25bbfd8c3b90a172886b4c20140db18bda5d2dbab87c8310a89213009f20ff,0xffea7cc4c8b7929c335d39fcfb47d62d74581602,0xe5a4c70113b90566bc5f80a3866935d0d52f990e,2,0.402141341928,0xe5a4c70113b90566bc5f80a3866935d0d52f990e,0xd90e2f925da726b50c4ed8d0fb90ad053324f31b,0,0.402141341928,0,236,62.809,62.8,687500,3902564988,431812,null,null
1749398219,2025-06-08T15:56:59.000,0xa160cdab225685da1d56aa342ad8841c3b53f291,0xf84c263ca02a4ac45efb3cf094044767563cb14cace61e1b32bfea711194ed26,0x279c6a721ec469c6ec93c137a537a0aba9445565,0xda0b76cc92e94a6f972ed29c104bbe8d73c2f753,2,0.40225194296965,0x4af043aca08bbe1fa2ac78eb205ea353327aa5ce,0xd90e2f925da726b50c4ed8d0fb90ad053324f31b,0,99.59774805703034,0,566,63.172,63.2,687500,3999998308,434312,null,null
1749398219,2025-06-08T15:56:59.000,0xa160cdab225685da1d56aa342ad8841c3b53f291,0xf84c263ca02a4ac45efb3cf094044767563cb14cace61e1b32bfea711194ed26,0x279c6a721ec469c6ec93c137a537a0aba9445565,0xda0b76cc92e94a6f972ed29c104bbe8d73c2f753,2,0.40225194296965,0x4af043aca08bbe1fa2ac78eb205ea353327aa5ce,0xd90e2f925da726b50c4ed8d0fb90ad053324f31b,0,0.40225194296965,0,566,63.172,63.2,687500,3999998308,434312,null,null
1749398087,2025-06-08T15:54:47.000,0xa160cdab225685da1d56aa342ad8841c3b53f291,0x9375c66ecc4b3b11cadadf31b6d457dccb1d121f231d0e1ee6ffaf9b05b1a8b5,0x79199bf08527a78779bdd53778bc7716045f7807,0x3a1d526d09b7e59fd88de4726f68a8246ddc2742,2,0.40229636015675,0x3a1d526d09b7e59fd88de4726f68a8246ddc2742,0xd90e2f925da726b50c4ed8d0fb90ad053324f31b,0,99.59770363984325,0,6593,62.81,62.8,687500,4139202962,431824,null,null
1749398087,2025-06-08T15:54:47.000,0xa160cdab225685da1d56aa342ad8841c3b53f291,0x9375c66ecc4b3b11cadadf31b6d457dccb1d121f231d0e1ee6ffaf9b05b1a8b5,0x79199bf08527a78779bdd53778bc7716045f7807,0x3a1d526d09b7e59fd88de4726f68a8246ddc2742,2,0.40229636015675,0x3a1d526d09b7e59fd88de4726f68a8246ddc2742,0xd90e2f925da726b50c4ed8d0fb90ad053324f31b,0,0.40229636015675,0,6593,62.81,62.8,687500,4139202962,431824,null,null
1749397463,2025-06-08T15:44:23.000,0xa160cdab225685da1d56aa342ad8841c3b53f291,0xc521af45153865633f399129cc1b5836c2569756c9e69f180915cc3949ba3178,0x866d6d4ed6ccc7725723277ffe5e8c10c4053d64,0x5555555731006f71f121144534ca7c8799f66aa3,2,0.4323744733716,0x5555555731006f71f121144534ca7c8799f66aa3,0xd90e2f925da726b50c4ed8d0fb90ad053324f31b,0,0.4323744733716,2,3763,62.8,62.8,687500,2246669003,431752,2246669003,1000000000
1749397463,2025-06-08T15:44:23.000,0xa160cdab225685da1d56aa342ad8841c3b53f291,0xc521af45153865633f399129cc1b5836c2569756c9e69f180915cc3949ba3178,0x866d6d4ed6ccc7725723277ffe5e8c10c4053d64,0x5555555731006f71f121144534ca7c8799f66aa3,2,0.4323744733716,0x5555555731006f71f121144534ca7c8799f66aa3,0xd90e2f925da726b50c4ed8d0fb90ad053324f31b,0,99.5676255266284,2,3763,62.8,62.8,687500,2246669003,431752,2246669003,1000000000
1749397235,2025-06-08T15:40:35.000,0xa160cdab225685da1d56aa342ad8841c3b53f291,0x9ce4213c31bfb6ee37970129e0aefe4b0c80f7958302e2ce55c47a95ee79f72c,0x80483b1b6a7de2958305c01b5455407a666ca67c,0x5555555731006f71f121144534ca7c8799f66aa3,2,0.43227161467830005,0x5555555731006f71f121144534ca7c8799f66aa3,0xd90e2f925da726b50c4ed8d0fb90ad053324f31b,0,99.5677283853217,2,3762,62.807,62.8,687500,2175668415,431800,2175668415,1000000000
1749397235,2025-06-08T15:40:35.000,0xa160cdab225685da1d56aa342ad8841c3b53f291,0x9ce4213c31bfb6ee37970129e0aefe4b0c80f7958302e2ce55c47a95ee79f72c,0x80483b1b6a7de2958305c01b5455407a666ca67c,0x5555555731006f71f121144534ca7c8799f66aa3,2,0.43227161467830005,0x5555555731006f71f121144534ca7c8799f66aa3,0xd90e2f925da726b50c4ed8d0fb90ad053324f31b,0,0.43227161467830005,2,3762,62.807,62.8,687500,2175668415,431800,2175668415,1000000000
1749390683,2025-06-08T13:51:23.000,0xa160cdab225685da1d56aa342ad8841c3b53f291,0x30c99bd5a95c1eeebb651dc88c590b14ebb8c08b2b48590aa470b8020f3c21ed,0x75560a0cb5ecbf939a45941e49771bde1b3bdded,0x0381deee9bbcd701d022b47c81f5b0079f48d38c,2,0.40213254136095,0xd0b9b6674b77befd88884d2bdeea979c023938e8,0xd90e2f925da726b50c4ed8d0fb90ad053324f31b,0,99.59786745863906,0,86,63.167,63.2,687500,4004855377,434276,null,null
1749390683,2025-06-08T13:51:23.000,0xa160cdab225685da1d56aa342ad8841c3b53f291,0x30c99bd5a95c1eeebb651dc88c590b14ebb8c08b2b48590aa470b8020f3c21ed,0x75560a0cb5ecbf939a45941e49771bde1b3bdded,0x0381deee9bbcd701d022b47c81f5b0079f48d38c,2,0.40213254136095,0xd0b9b6674b77befd88884d2bdeea979c023938e8,0xd90e2f925da726b50c4ed8d0fb90ad053324f31b,0,0.40213254136095,0,86,63.167,63.2,687500,4004855377,434276,null,null
1749390095,2025-06-08T13:41:35.000,0xa160cdab225685da1d56aa342ad8841c3b53f291,0xe8f0da5116a1c501a2a630ce9e2c2d8e893b7b7a7fe2d888c5053130c5625a3b,0xefb6082ed6420e91008636d05306f1b3fe5a42de,0x3a1d526d09b7e59fd88de4726f68a8246ddc2742,2,0.40222257040169995,0x3a1d526d09b7e59fd88de4726f68a8246ddc2742,0xd90e2f925da726b50c4ed8d0fb90ad053324f31b,0,99.59777742959831,0,6592,62.807,62.8,687500,3955769754,431800,null,null
1749390095,2025-06-08T13:41:35.000,0xa160cdab225685da1d56aa342ad8841c3b53f291,0xe8f0da5116a1c501a2a630ce9e2c2d8e893b7b7a7fe2d888c5053130c5625a3b,0xefb6082ed6420e91008636d05306f1b3fe5a42de,0x3a1d526d09b7e59fd88de4726f68a8246ddc2742,2,0.40222257040169995,0x3a1d526d09b7e59fd88de4726f68a8246ddc2742,0xd90e2f925da726b50c4ed8d0fb90ad053324f31b,0,0.40222257040169995,0,6592,62.807,62.8,687500,3955769754,431800,null,null
1749382031,2025-06-08T11:27:11.000,0xa160cdab225685da1d56aa342ad8841c3b53f291,0xa6ca0333b8a14db6502811b7de5f0e7f685c60e4bda06c5c47b8f651f74f2a94,0x7770a2afbafb4ec04f30b70d2f39af664219069f,0xc6398b4e8b60720051ed33f5c5a692f9785f5580,2,0.40196902261215,0xc6398b4e8b60720051ed33f5c5a692f9785f5580,0xd90e2f925da726b50c4ed8d0fb90ad053324f31b,0,99.59803097738785,0,425,62.809,62.8,687500,3562487850,431812,null,null
1749382031,2025-06-08T11:27:11.000,0xa160cdab225685da1d56aa342ad8841c3b53f291,0xa6ca0333b8a14db6502811b7de5f0e7f685c60e4bda06c5c47b8f651f74f2a94,0x7770a2afbafb4ec04f30b70d2f39af664219069f,0xc6398b4e8b60720051ed33f5c5a692f9785f5580,2,0.40196902261215,0xc6398b4e8b60720051ed33f5c5a692f9785f5580,0xd90e2f925da726b50c4ed8d0fb90ad053324f31b,0,0.40196902261215,0,425,62.809,62.8,687500,3562487850,431812,null,null
1749381635,2025-06-08T11:20:35.000,0xa160cdab225685da1d56aa342ad8841c3b53f291,0x0c14ab94a3d2985cfba6d9d55d723ee53e81920e4fd9dafe1256adafa3600d5a,0x5733281eaa8c7259feb5784f47df670eecb8e5c1,0xd04e9f0945dea8373d882c730e2c93a74b591796,2,0.43189225482325,0xd04e9f0945dea8373d882c730e2c93a74b591796,0xd90e2f925da726b50c4ed8d0fb90ad053324f31b,0,99.56810774517675,0,2176,62.807,62.8,687500,3394575846,431800,null,null
1749381635,2025-06-08T11:20:35.000,0xa160cdab225685da1d56aa342ad8841c3b53f291,0x0c14ab94a3d2985cfba6d9d55d723ee53e81920e4fd9dafe1256adafa3600d5a,0x5733281eaa8c7259feb5784f47df670eecb8e5c1,0xd04e9f0945dea8373d882c730e2c93a74b591796,2,0.43189225482325,0xd04e9f0945dea8373d882c730e2c93a74b591796,0xd90e2f925da726b50c4ed8d0fb90ad053324f31b,0,0.43189225482325,0,2176,62.807,62.8,687500,3394575846,431800,null,null
1749381431,2025-06-08T11:17:11.000,0xa160cdab225685da1d56aa342ad8841c3b53f291,0xeb92281cfdeaf63783eef285c84bc688b45859119a59771e1398c754c853f3f3,0x37698183ee74a55e2a5fc2fe48d7f47ad715e31d,0x7d2a66f05d2bb0ff4dc856eb317196c59ac3e932,4,0.40190138857975,0x7d2a66f05d2bb0ff4dc856eb317196c59ac3e932,0xd90e2f925da726b50c4ed8d0fb90ad053324f31b,0,99.59809861142026,0,395,59.509,59.5,687500,3463698761,409131,null,null
1749381431,2025-06-08T11:17:11.000,0xa160cdab225685da1d56aa342ad8841c3b53f291,0xeb92281cfdeaf63783eef285c84bc688b45859119a59771e1398c754c853f3f3,0x37698183ee74a55e2a5fc2fe48d7f47ad715e31d,0x7d2a66f05d2bb0ff4dc856eb317196c59ac3e932,4,0.40190138857975,0x7d2a66f05d2bb0ff4dc856eb317196c59ac3e932,0xd90e2f925da726b50c4ed8d0fb90ad053324f31b,0,0.40190138857975,0,395,59.509,59.5,687500,3463698761,409131,null,null
1749380951,2025-06-08T11:09:11.000,0xa160cdab225685da1d56aa342ad8841c3b53f291,0xc21fe09b1703c7d2b7fa991c74a28e839ccf9e22b7d66cd46c1e76b34740f2cb,0x37698183ee74a55e2a5fc2fe48d7f47ad715e31d,0x7d2a66f05d2bb0ff4dc856eb317196c59ac3e932,4,0.40195116648815,0x7d2a66f05d2bb0ff4dc856eb317196c59ac3e932,0xd90e2f925da726b50c4ed8d0fb90ad053324f31b,0,99.59804883351185,0,394,62.805,62.8,687500,3543972339,431788,null,null
1749380951,2025-06-08T11:09:11.000,0xa160cdab225685da1d56aa342ad8841c3b53f291,0xc21fe09b1703c7d2b7fa991c74a28e839ccf9e22b7d66cd46c1e76b34740f2cb,0x37698183ee74a55e2a5fc2fe48d7f47ad715e31d,0x7d2a66f05d2bb0ff4dc856eb317196c59ac3e932,4,0.40195116648815,0x7d2a66f05d2bb0ff4dc856eb317196c59ac3e932,0xd90e2f925da726b50c4ed8d0fb90ad053324f31b,0,0.40195116648815,0,394,62.805,62.8,687500,3543972339,431788,null,null
1749379823,2025-06-08T10:50:23.000,0xa160cdab225685da1d56aa342ad8841c3b53f291,0x628e49fc6f8948be1bd6c9c6b8bb9d1fdda8a249bbc218f157c5cd658a56715e,0x5583d2983034029383f54afa28ff4318273033dd,0x7d2a66f05d2bb0ff4dc856eb317196c59ac3e932,4,0.401886492905,0x7d2a66f05d2bb0ff4dc856eb317196c59ac3e932,0xd90e2f925da726b50c4ed8d0fb90ad053324f31b,0,0.401886492905,0,393,59.172,59.2,687500,3440092298,406812,null,null
1749379823,2025-06-08T10:50:23.000,0xa160cdab225685da1d56aa342ad8841c3b53f291,0x628e49fc6f8948be1bd6c9c6b8bb9d1fdda8a249bbc218f157c5cd658a56715e,0x5583d2983034029383f54afa28ff4318273033dd,0x7d2a66f05d2bb0ff4dc856eb317196c59ac3e932,4,0.401886492905,0x7d2a66f05d2bb0ff4dc856eb317196c59ac3e932,0xd90e2f925da726b50c4ed8d0fb90ad053324f31b,0,99.59811350709501,0,393,59.172,59.2,687500,3440092298,406812,null,null
1749379379,2025-06-08T10:42:59.000,0xa160cdab225685da1d56aa342ad8841c3b53f291,0xb6a26239d8eaf7fcc02e045615c6cd6d249f8e5ce74a70e31a597622c6641606,0x5583d2983034029383f54afa28ff4318273033dd,0x69ce09ab548ffb0b46978fdabb44beb2344608d5,4,0.40190895410145,0x69ce09ab548ffb0b46978fdabb44beb2344608d5,0xd90e2f925da726b50c4ed8d0fb90ad053324f31b,0,0.40190895410145,0,23,62.805,62.8,687500,3510186306,431788,null,null
1749379379,2025-06-08T10:42:59.000,0xa160cdab225685da1d56aa342ad8841c3b53f291,0xb6a26239d8eaf7fcc02e045615c6cd6d249f8e5ce74a70e31a597622c6641606,0x5583d2983034029383f54afa28ff4318273033dd,0x69ce09ab548ffb0b46978fdabb44beb2344608d5,4,0.40190895410145,0x69ce09ab548ffb0b46978fdabb44beb2344608d5,0xd90e2f925da726b50c4ed8d0fb90ad053324f31b,0,99.59809104589856,0,23,62.805,62.8,687500,3510186306,431788,null,null
1749368867,2025-06-08T07:47:47.000,0xa160cdab225685da1d56aa342ad8841c3b53f291,0x4ad3e9580559b76d43811f08d68d3f426f8de06ba319730897087a9df768e2f0,0xeb8178b9e34786332a2a83a957c173ecfc80820d,0xc49415493eb3ec64a0f13d8aa5056f1cfc4ce35c,2,0.40202220617885,0xc49415493eb3ec64a0f13d8aa5056f1cfc4ce35c,0xd90e2f925da726b50c4ed8d0fb90ad053324f31b,0,99.59797779382114,2,3737,62.807,62.8,687500,1660045157,431800,1660216456,1000000000
1749368867,2025-06-08T07:47:47.000,0xa160cdab225685da1d56aa342ad8841c3b53f291,0x4ad3e9580559b76d43811f08d68d3f426f8de06ba319730897087a9df768e2f0,0xeb8178b9e34786332a2a83a957c173ecfc80820d,0xc49415493eb3ec64a0f13d8aa5056f1cfc4ce35c,2,0.40202220617885,0xc49415493eb3ec64a0f13d8aa5056f1cfc4ce35c,0xd90e2f925da726b50c4ed8d0fb90ad053324f31b,0,0.40202220617885,2,3737,62.807,62.8,687500,1660045157,431800,1660216456,1000000000
1749368579,2025-06-08T07:42:59.000,0xa160cdab225685da1d56aa342ad8841c3b53f291,0xefe504dda5c276b1258c5815dbae645120de30597ccfa9f152e4a806f91197ca,0x0a9e37b3c40246cde66b886c2e58d35f5d91e88e,0xda0b76cc92e94a6f972ed29c104bbe8d73c2f753,2,0.40192061883144997,0x4af043aca08bbe1fa2ac78eb205ea353327aa5ce,0xd90e2f925da726b50c4ed8d0fb90ad053324f31b,0,99.59807938116856,0,563,63.169,63.2,687500,3498813517,434288,null,null
1749368579,2025-06-08T07:42:59.000,0xa160cdab225685da1d56aa342ad8841c3b53f291,0xefe504dda5c276b1258c5815dbae645120de30597ccfa9f152e4a806f91197ca,0x0a9e37b3c40246cde66b886c2e58d35f5d91e88e,0xda0b76cc92e94a6f972ed29c104bbe8d73c2f753,2,0.40192061883144997,0x4af043aca08bbe1fa2ac78eb205ea353327aa5ce,0xd90e2f925da726b50c4ed8d0fb90ad053324f31b,0,0.40192061883144997,0,563,63.169,63.2,687500,3498813517,434288,null,null
1749359651,2025-06-08T05:14:11.000,0xa160cdab225685da1d56aa342ad8841c3b53f291,0x5c51e098edac6710a8c46e026801cbfd2606ddabbb1c66d3383965ba54face77,0xf76aaa5f5df3cb352a3e209a3db758ac5721746d,0x2ee39ff05643bc7cc9ed31b71e142429044a425c,2,0.40085319424630006,0x2ee39ff05643bc7cc9ed31b71e142429044a425c,0xd90e2f925da726b50c4ed8d0fb90ad053324f31b,0,99.59914680575369,0,2423,62.81,62.8,687500,4082237260,431824,null,null
1749359651,2025-06-08T05:14:11.000,0xa160cdab225685da1d56aa342ad8841c3b53f291,0x5c51e098edac6710a8c46e026801cbfd2606ddabbb1c66d3383965ba54face77,0xf76aaa5f5df3cb352a3e209a3db758ac5721746d,0x2ee39ff05643bc7cc9ed31b71e142429044a425c,2,0.40085319424630006,0x2ee39ff05643bc7cc9ed31b71e142429044a425c,0xd90e2f925da726b50c4ed8d0fb90ad053324f31b,0,0.40085319424630006,0,2423,62.81,62.8,687500,4082237260,431824,null,null
1749359387,2025-06-08T05:09:47.000,0xa160cdab225685da1d56aa342ad8841c3b53f291,0x2e08d5fce2d21d1d4031506c0dab78149e967d7d3110ae34e9a02440790f0a39,0x0b2c65af8bcee935cedd915a6fa7d57e19133bd5,0x7d2a66f05d2bb0ff4dc856eb317196c59ac3e932,4,0.40223700299129994,0x7d2a66f05d2bb0ff4dc856eb317196c59ac3e932,0xd90e2f925da726b50c4ed8d0fb90ad053324f31b,0,99.5977629970087,0,391,59.174,59.2,687500,4008324762,406824,null,null
1749359387,2025-06-08T05:09:47.000,0xa160cdab225685da1d56aa342ad8841c3b53f291,0x2e08d5fce2d21d1d4031506c0dab78149e967d7d3110ae34e9a02440790f0a39,0x0b2c65af8bcee935cedd915a6fa7d57e19133bd5,0x7d2a66f05d2bb0ff4dc856eb317196c59ac3e932,4,0.40223700299129994,0x7d2a66f05d2bb0ff4dc856eb317196c59ac3e932,0xd90e2f925da726b50c4ed8d0fb90ad053324f31b,0,0.40223700299129994,0,391,59.174,59.2,687500,4008324762,406824,null,null
1749358691,2025-06-08T04:58:11.000,0xa160cdab225685da1d56aa342ad8841c3b53f291,0x9379d871f7b50c7622a7cd32982e8fe665a694d6b3f45e91cdfe3064cad8b245,0x0b2c65af8bcee935cedd915a6fa7d57e19133bd5,0x7d2a66f05d2bb0ff4dc856eb317196c59ac3e932,4,0.40231296684355,0x7d2a66f05d2bb0ff4dc856eb317196c59ac3e932,0xd90e2f925da726b50c4ed8d0fb90ad053324f31b,0,99.59768703315645,0,389,62.809,62.8,687500,4049442719,431812,null,null
1749358691,2025-06-08T04:58:11.000,0xa160cdab225685da1d56aa342ad8841c3b53f291,0x9379d871f7b50c7622a7cd32982e8fe665a694d6b3f45e91cdfe3064cad8b245,0x0b2c65af8bcee935cedd915a6fa7d57e19133bd5,0x7d2a66f05d2bb0ff4dc856eb317196c59ac3e932,4,0.40231296684355,0x7d2a66f05d2bb0ff4dc856eb317196c59ac3e932,0xd90e2f925da726b50c4ed8d0fb90ad053324f31b,0,0.40231296684355,0,389,62.809,62.8,687500,4049442719,431812,null,null
1749357935,2025-06-08T04:45:35.000,0xa160cdab225685da1d56aa342ad8841c3b53f291,0x456bf71ac40fc650144278365ec09db05a81c743df7d095ddc81c9cb50fdafce,0x38b52aaa6c7abb59954299d29f5343b29ba6d827,0xc0f12799b8d3fa8810dfe1616095170c72117f8f,4,0.40236918875270006,0xc0f12799b8d3fa8810dfe1616095170c72117f8f,0xd90e2f925da726b50c4ed8d0fb90ad053324f31b,0,0.40236918875270006,0,259,59.174,59.2,687500,4213277951,406824,null,null
1749357935,2025-06-08T04:45:35.000,0xa160cdab225685da1d56aa342ad8841c3b53f291,0x456bf71ac40fc650144278365ec09db05a81c743df7d095ddc81c9cb50fdafce,0x38b52aaa6c7abb59954299d29f5343b29ba6d827,0xc0f12799b8d3fa8810dfe1616095170c72117f8f,4,0.40236918875270006,0xc0f12799b8d3fa8810dfe1616095170c72117f8f,0xd90e2f925da726b50c4ed8d0fb90ad053324f31b,0,99.5976308112473,0,259,59.174,59.2,687500,4213277951,406824,null,null
1749357827,2025-06-08T04:43:47.000,0xa160cdab225685da1d56aa342ad8841c3b53f291,0x7da9f8fefb61a263358ae8da3b98cf3a9b1f50089fd459417d53372d9fdf4c8a,0x38b52aaa6c7abb59954299d29f5343b29ba6d827,0xc0f12799b8d3fa8810dfe1616095170c72117f8f,4,0.40230561448369995,0xc0f12799b8d3fa8810dfe1616095170c72117f8f,0xd90e2f925da726b50c4ed8d0fb90ad053324f31b,0,0.40230561448369995,0,258,62.807,62.8,687500,4325184169,431800,null,null
1749357827,2025-06-08T04:43:47.000,0xa160cdab225685da1d56aa342ad8841c3b53f291,0x7da9f8fefb61a263358ae8da3b98cf3a9b1f50089fd459417d53372d9fdf4c8a,0x38b52aaa6c7abb59954299d29f5343b29ba6d827,0xc0f12799b8d3fa8810dfe1616095170c72117f8f,4,0.40230561448369995,0xc0f12799b8d3fa8810dfe1616095170c72117f8f,0xd90e2f925da726b50c4ed8d0fb90ad053324f31b,0,99.59769438551629,0,258,62.807,62.8,687500,4325184169,431800,null,null
1749356051,2025-06-08T04:14:11.000,0xa160cdab225685da1d56aa342ad8841c3b53f291,0x44ec45759c0cb4ddc91b27d3308fe69c8e68a852c110bbf020d9077a7e26ddb8,0x917fe7e83b8838366dfe9ffbbfbd518e6f577859,0x7d2a66f05d2bb0ff4dc856eb317196c59ac3e932,6,0.40190026748505,0x7d2a66f05d2bb0ff4dc856eb317196c59ac3e932,0xd90e2f925da726b50c4ed8d0fb90ad053324f31b,0,0.40190026748505,0,388,59.174,59.2,687500,3446432654,406824,null,null
1749356051,2025-06-08T04:14:11.000,0xa160cdab225685da1d56aa342ad8841c3b53f291,0x44ec45759c0cb4ddc91b27d3308fe69c8e68a852c110bbf020d9077a7e26ddb8,0x917fe7e83b8838366dfe9ffbbfbd518e6f577859,0x7d2a66f05d2bb0ff4dc856eb317196c59ac3e932,6,0.40190026748505,0x7d2a66f05d2bb0ff4dc856eb317196c59ac3e932,0xd90e2f925da726b50c4ed8d0fb90ad053324f31b,0,99.59809973251495,0,388,59.174,59.2,687500,3446432654,406824,null,null
1749355979,2025-06-08T04:12:59.000,0xa160cdab225685da1d56aa342ad8841c3b53f291,0x2e528c6fc9e15583c923cab98779a2b9cc799af5f1e5023a50cceec89374fbf7,0x917fe7e83b8838366dfe9ffbbfbd518e6f577859,0x7d2a66f05d2bb0ff4dc856eb317196c59ac3e932,6,0.4019158319994,0x7d2a66f05d2bb0ff4dc856eb317196c59ac3e932,0xd90e2f925da726b50c4ed8d0fb90ad053324f31b,0,99.5980841680006,0,387,59.169,59.2,687500,3424304160,406788,null,null
1749355979,2025-06-08T04:12:59.000,0xa160cdab225685da1d56aa342ad8841c3b53f291,0x2e528c6fc9e15583c923cab98779a2b9cc799af5f1e5023a50cceec89374fbf7,0x917fe7e83b8838366dfe9ffbbfbd518e6f577859,0x7d2a66f05d2bb0ff4dc856eb317196c59ac3e932,6,0.4019158319994,0x7d2a66f05d2bb0ff4dc856eb317196c59ac3e932,0xd90e2f925da726b50c4ed8d0fb90ad053324f31b,0,0.4019158319994,0,387,59.169,59.2,687500,3424304160,406788,null,null
1749355823,2025-06-08T04:10:23.000,0xa160cdab225685da1d56aa342ad8841c3b53f291,0x87c3dffc300981348a380c0ab2c242f7f1000a2584c20fd2bbd62bc29ad75a9e,0x917fe7e83b8838366dfe9ffbbfbd518e6f577859,0x7d2a66f05d2bb0ff4dc856eb317196c59ac3e932,6,0.40193105641849997,0x7d2a66f05d2bb0ff4dc856eb317196c59ac3e932,0xd90e2f925da726b50c4ed8d0fb90ad053324f31b,0,99.5980689435815,0,386,62.809,62.8,687500,3480735685,431812,null,null
1749355823,2025-06-08T04:10:23.000,0xa160cdab225685da1d56aa342ad8841c3b53f291,0x87c3dffc300981348a380c0ab2c242f7f1000a2584c20fd2bbd62bc29ad75a9e,0x917fe7e83b8838366dfe9ffbbfbd518e6f577859,0x7d2a66f05d2bb0ff4dc856eb317196c59ac3e932,6,0.40193105641849997,0x7d2a66f05d2bb0ff4dc856eb317196c59ac3e932,0xd90e2f925da726b50c4ed8d0fb90ad053324f31b,0,0.40193105641849997,0,386,62.809,62.8,687500,3480735685,431812,null,null
1749353195,2025-06-08T03:26:35.000,0xa160cdab225685da1d56aa342ad8841c3b53f291,0x030f23e6f26dc1e8a9c060df80961367e17402f94f69bf2ffadd8fa1aa4367f0,0x7a01d37ddb49036cdff00d462c4ef22a2269953a,0x3a1d526d09b7e59fd88de4726f68a8246ddc2742,2,0.40193697730875,0x3a1d526d09b7e59fd88de4726f68a8246ddc2742,0xd90e2f925da726b50c4ed8d0fb90ad053324f31b,0,99.59806302269125,0,6585,62.807,62.8,687500,3549277934,431800,null,null
1749353195,2025-06-08T03:26:35.000,0xa160cdab225685da1d56aa342ad8841c3b53f291,0x030f23e6f26dc1e8a9c060df80961367e17402f94f69bf2ffadd8fa1aa4367f0,0x7a01d37ddb49036cdff00d462c4ef22a2269953a,0x3a1d526d09b7e59fd88de4726f68a8246ddc2742,2,0.40193697730875,0x3a1d526d09b7e59fd88de4726f68a8246ddc2742,0xd90e2f925da726b50c4ed8d0fb90ad053324f31b,0,0.40193697730875,0,6585,62.807,62.8,687500,3549277934,431800,null,null
1749353003,2025-06-08T03:23:23.000,0xa160cdab225685da1d56aa342ad8841c3b53f291,0xb9b22fa59202e7142864f23629fb6fc044509eb141a44885bff4f9e909e99603,0xda7550b7b543325006fc5d49c168c4635a4f4f3d,0x0381deee9bbcd701d022b47c81f5b0079f48d38c,4,0.4019507839802,0xd0b9b6674b77befd88884d2bdeea979c023938e8,0xd90e2f925da726b50c4ed8d0fb90ad053324f31b,0,0.4019507839802,0,84,59.538,59.5,687500,3472632935,409324,null,null
1749353003,2025-06-08T03:23:23.000,0xa160cdab225685da1d56aa342ad8841c3b53f291,0xb9b22fa59202e7142864f23629fb6fc044509eb141a44885bff4f9e909e99603,0xda7550b7b543325006fc5d49c168c4635a4f4f3d,0x0381deee9bbcd701d022b47c81f5b0079f48d38c,4,0.4019507839802,0xd0b9b6674b77befd88884d2bdeea979c023938e8,0xd90e2f925da726b50c4ed8d0fb90ad053324f31b,0,99.59804921601979,0,84,59.538,59.5,687500,3472632935,409324,null,null
1749352943,2025-06-08T03:22:23.000,0xa160cdab225685da1d56aa342ad8841c3b53f291,0x8cfc75eb5627f0a1d3245a7e1a8b811b3b6809d8ff4b3ab7086375849456f8a0,0xda7550b7b543325006fc5d49c168c4635a4f4f3d,0x0381deee9bbcd701d022b47c81f5b0079f48d38c,4,0.40195867274624997,0xd0b9b6674b77befd88884d2bdeea979c023938e8,0xd90e2f925da726b50c4ed8d0fb90ad053324f31b,0,0.40195867274624997,0,83,63.172,63.2,687500,3530470690,434312,null,null
1749352943,2025-06-08T03:22:23.000,0xa160cdab225685da1d56aa342ad8841c3b53f291,0x8cfc75eb5627f0a1d3245a7e1a8b811b3b6809d8ff4b3ab7086375849456f8a0,0xda7550b7b543325006fc5d49c168c4635a4f4f3d,0x0381deee9bbcd701d022b47c81f5b0079f48d38c,4,0.40195867274624997,0xd0b9b6674b77befd88884d2bdeea979c023938e8,0xd90e2f925da726b50c4ed8d0fb90ad053324f31b,0,99.59804132725375,0,83,63.172,63.2,687500,3530470690,434312,null,null
1749352679,2025-06-08T03:17:59.000,0xa160cdab225685da1d56aa342ad8841c3b53f291,0xffc6e30548433eff47b27a91cec663cf74a02afa0ac27cad8bdf62c971fc50fd,0xca93ec141b4cc237a8abecf89762cb0e8c870479,0xc6398b4e8b60720051ed33f5c5a692f9785f5580,4,0.40193758286095,0xc6398b4e8b60720051ed33f5c5a692f9785f5580,0xd90e2f925da726b50c4ed8d0fb90ad053324f31b,0,0.40193758286095,0,420,59.172,59.2,687500,3515994756,406812,null,null
1749352679,2025-06-08T03:17:59.000,0xa160cdab225685da1d56aa342ad8841c3b53f291,0xffc6e30548433eff47b27a91cec663cf74a02afa0ac27cad8bdf62c971fc50fd,0xca93ec141b4cc237a8abecf89762cb0e8c870479,0xc6398b4e8b60720051ed33f5c5a692f9785f5580,4,0.40193758286095,0xc6398b4e8b60720051ed33f5c5a692f9785f5580,0xd90e2f925da726b50c4ed8d0fb90ad053324f31b,0,99.59806241713906,0,420,59.172,59.2,687500,3515994756,406812,null,null
1749349451,2025-06-08T02:24:11.000,0xa160cdab225685da1d56aa342ad8841c3b53f291,0x71c4426dc919ce1a0c2d2a2c2293649f8660ec178e0c826faae5ae0da1012bd0,0xca93ec141b4cc237a8abecf89762cb0e8c870479,0x0e9d9a828247f5eed7f6d31d213a39805de52441,4,0.40200571140990005,0x0e9d9a828247f5eed7f6d31d213a39805de52441,0xd90e2f925da726b50c4ed8d0fb90ad053324f31b,0,0.40200571140990005,0,1256,62.809,62.8,687500,3619120436,431812,null,null
1749349451,2025-06-08T02:24:11.000,0xa160cdab225685da1d56aa342ad8841c3b53f291,0x71c4426dc919ce1a0c2d2a2c2293649f8660ec178e0c826faae5ae0da1012bd0,0xca93ec141b4cc237a8abecf89762cb0e8c870479,0x0e9d9a828247f5eed7f6d31d213a39805de52441,4,0.40200571140990005,0x0e9d9a828247f5eed7f6d31d213a39805de52441,0xd90e2f925da726b50c4ed8d0fb90ad053324f31b,0,99.5979942885901,0,1256,62.809,62.8,687500,3619120436,431812,null,null
1749349223,2025-06-08T02:20:23.000,0xa160cdab225685da1d56aa342ad8841c3b53f291,0x33ce0c098964240c4664fcb03b08da1fcfb1867a4786c256a7a153811078c305,0x76596681c60ee0b0398cd746e530ee7350abf3e9,0x7d2a66f05d2bb0ff4dc856eb317196c59ac3e932,6,0.40201468096224996,0x7d2a66f05d2bb0ff4dc856eb317196c59ac3e932,0xd90e2f925da726b50c4ed8d0fb90ad053324f31b,0,99.59798531903775,0,385,59.174,59.2,687500,3770232532,406824,null,null
1749349223,2025-06-08T02:20:23.000,0xa160cdab225685da1d56aa342ad8841c3b53f291,0x33ce0c098964240c4664fcb03b08da1fcfb1867a4786c256a7a153811078c305,0x76596681c60ee0b0398cd746e530ee7350abf3e9,0x7d2a66f05d2bb0ff4dc856eb317196c59ac3e932,6,0.40201468096224996,0x7d2a66f05d2bb0ff4dc856eb317196c59ac3e932,0xd90e2f925da726b50c4ed8d0fb90ad053324f31b,0,0.40201468096224996,0,385,59.174,59.2,687500,3770232532,406824,null,null
1749349163,2025-06-08T02:19:23.000,0xa160cdab225685da1d56aa342ad8841c3b53f291,0xb9ca6b6875193e6a4733c918884f96147529ebf73d7beecfe6624b5ea9631725,0x76596681c60ee0b0398cd746e530ee7350abf3e9,0x7d2a66f05d2bb0ff4dc856eb317196c59ac3e932,6,0.40199122659725,0x7d2a66f05d2bb0ff4dc856eb317196c59ac3e932,0xd90e2f925da726b50c4ed8d0fb90ad053324f31b,0,99.59800877340275,0,384,59.174,59.2,687500,3740236321,406824,null,null
1749349163,2025-06-08T02:19:23.000,0xa160cdab225685da1d56aa342ad8841c3b53f291,0xb9ca6b6875193e6a4733c918884f96147529ebf73d7beecfe6624b5ea9631725,0x76596681c60ee0b0398cd746e530ee7350abf3e9,0x7d2a66f05d2bb0ff4dc856eb317196c59ac3e932,6,0.40199122659725,0x7d2a66f05d2bb0ff4dc856eb317196c59ac3e932,0xd90e2f925da726b50c4ed8d0fb90ad053324f31b,0,0.40199122659725,0,384,59.174,59.2,687500,3740236321,406824,null,null
1749318623,2025-06-07T17:50:23.000,0xa160cdab225685da1d56aa342ad8841c3b53f291,0x1bbc2ad767ebce20c6306e9ccb7bf28aea827f3adff33446cd8df21ade29087d,0x76596681c60ee0b0398cd746e530ee7350abf3e9,0x7d2a66f05d2bb0ff4dc856eb317196c59ac3e932,6,0.40218426684630004,0x7d2a66f05d2bb0ff4dc856eb317196c59ac3e932,0xd90e2f925da726b50c4ed8d0fb90ad053324f31b,0,99.5978157331537,0,383,62.809,62.8,687500,3883328561,431812,null,null
1749318623,2025-06-07T17:50:23.000,0xa160cdab225685da1d56aa342ad8841c3b53f291,0x1bbc2ad767ebce20c6306e9ccb7bf28aea827f3adff33446cd8df21ade29087d,0x76596681c60ee0b0398cd746e530ee7350abf3e9,0x7d2a66f05d2bb0ff4dc856eb317196c59ac3e932,6,0.40218426684630004,0x7d2a66f05d2bb0ff4dc856eb317196c59ac3e932,0xd90e2f925da726b50c4ed8d0fb90ad053324f31b,0,0.40218426684630004,0,383,62.809,62.8,687500,3883328561,431812,null,null
1749314447,2025-06-07T16:40:47.000,0xa160cdab225685da1d56aa342ad8841c3b53f291,0x978af4f17d0d4e4b93bd267f25d98b985d68311032efe7164a0c9396051f2435,0x18405442aaf0b24ac6094402cd5a3af5d41e2ccd,0xc49415493eb3ec64a0f13d8aa5056f1cfc4ce35c,8,0.4022536420566,0xc49415493eb3ec64a0f13d8aa5056f1cfc4ce35c,0xd90e2f925da726b50c4ed8d0fb90ad053324f31b,0,0.4022536420566,2,3736,59.172,59.2,687500,1996272335,406812,2023712858,1000000000
1749314447,2025-06-07T16:40:47.000,0xa160cdab225685da1d56aa342ad8841c3b53f291,0x978af4f17d0d4e4b93bd267f25d98b985d68311032efe7164a0c9396051f2435,0x18405442aaf0b24ac6094402cd5a3af5d41e2ccd,0xc49415493eb3ec64a0f13d8aa5056f1cfc4ce35c,8,0.4022536420566,0xc49415493eb3ec64a0f13d8aa5056f1cfc4ce35c,0xd90e2f925da726b50c4ed8d0fb90ad053324f31b,0,99.59774635794341,2,3736,59.172,59.2,687500,1996272335,406812,2023712858,1000000000
1749314111,2025-06-07T16:35:11.000,0xa160cdab225685da1d56aa342ad8841c3b53f291,0xa60f077bc04e97f34981ae1d2cf21f21581cfcdd88cea3ad083500c596e913ca,0x18405442aaf0b24ac6094402cd5a3af5d41e2ccd,0xe5a4c70113b90566bc5f80a3866935d0d52f990e,8,0.40222501090405,0xe5a4c70113b90566bc5f80a3866935d0d52f990e,0xd90e2f925da726b50c4ed8d0fb90ad053324f31b,0,99.59777498909594,0,230,59.174,59.2,687500,4005320170,406824,null,null
1749314111,2025-06-07T16:35:11.000,0xa160cdab225685da1d56aa342ad8841c3b53f291,0xa60f077bc04e97f34981ae1d2cf21f21581cfcdd88cea3ad083500c596e913ca,0x18405442aaf0b24ac6094402cd5a3af5d41e2ccd,0xe5a4c70113b90566bc5f80a3866935d0d52f990e,8,0.40222501090405,0xe5a4c70113b90566bc5f80a3866935d0d52f990e,0xd90e2f925da726b50c4ed8d0fb90ad053324f31b,0,0.40222501090405,0,230,59.174,59.2,687500,4005320170,406824,null,null
1749313859,2025-06-07T16:30:59.000,0xa160cdab225685da1d56aa342ad8841c3b53f291,0xd4643df5040d16d5207692c6a5ff4aa0a75cd7771143082e6970b08a47c67c25,0x18405442aaf0b24ac6094402cd5a3af5d41e2ccd,0x7d2a66f05d2bb0ff4dc856eb317196c59ac3e932,8,0.40225194189990005,0x7d2a66f05d2bb0ff4dc856eb317196c59ac3e932,0xd90e2f925da726b50c4ed8d0fb90ad053324f31b,0,99.59774805810011,0,380,59.174,59.2,687500,4076212778,406824,null,null
1749313859,2025-06-07T16:30:59.000,0xa160cdab225685da1d56aa342ad8841c3b53f291,0xd4643df5040d16d5207692c6a5ff4aa0a75cd7771143082e6970b08a47c67c25,0x18405442aaf0b24ac6094402cd5a3af5d41e2ccd,0x7d2a66f05d2bb0ff4dc856eb317196c59ac3e932,8,0.40225194189990005,0x7d2a66f05d2bb0ff4dc856eb317196c59ac3e932,0xd90e2f925da726b50c4ed8d0fb90ad053324f31b,0,0.40225194189990005,0,380,59.174,59.2,687500,4076212778,406824,null,null
1749313799,2025-06-07T16:29:59.000,0xa160cdab225685da1d56aa342ad8841c3b53f291,0x79671b625f6dd8219f7ef211a67334b469a9efd048316699291f5f08e856e936,0x18405442aaf0b24ac6094402cd5a3af5d41e2ccd,0x7d2a66f05d2bb0ff4dc856eb317196c59ac3e932,8,0.43230082396225,0x7d2a66f05d2bb0ff4dc856eb317196c59ac3e932,0xd90e2f925da726b50c4ed8d0fb90ad053324f31b,0,99.56769917603775,0,379,62.81,62.8,687500,3972871637,431824,null,null
1749313799,2025-06-07T16:29:59.000,0xa160cdab225685da1d56aa342ad8841c3b53f291,0x79671b625f6dd8219f7ef211a67334b469a9efd048316699291f5f08e856e936,0x18405442aaf0b24ac6094402cd5a3af5d41e2ccd,0x7d2a66f05d2bb0ff4dc856eb317196c59ac3e932,8,0.43230082396225,0x7d2a66f05d2bb0ff4dc856eb317196c59ac3e932,0xd90e2f925da726b50c4ed8d0fb90ad053324f31b,0,0.43230082396225,0,379,62.81,62.8,687500,3972871637,431824,null,null
1749313607,2025-06-07T16:26:47.000,0xa160cdab225685da1d56aa342ad8841c3b53f291,0x22e70647c293d11ca3f7e18a7ce5cff2f4c561e059a6c516eaa8e5c4aa299628,0x771fab3d4fbf5901f7fec47d7cd0fd01d7d12c15,0xc49415493eb3ec64a0f13d8aa5056f1cfc4ce35c,2,0.40233274225525,0xc49415493eb3ec64a0f13d8aa5056f1cfc4ce35c,0xd90e2f925da726b50c4ed8d0fb90ad053324f31b,0,0.40233274225525,2,3735,62.809,62.8,687500,2160084889,431812,2172587950,1000000000
1749313607,2025-06-07T16:26:47.000,0xa160cdab225685da1d56aa342ad8841c3b53f291,0x22e70647c293d11ca3f7e18a7ce5cff2f4c561e059a6c516eaa8e5c4aa299628,0x771fab3d4fbf5901f7fec47d7cd0fd01d7d12c15,0xc49415493eb3ec64a0f13d8aa5056f1cfc4ce35c,2,0.40233274225525,0xc49415493eb3ec64a0f13d8aa5056f1cfc4ce35c,0xd90e2f925da726b50c4ed8d0fb90ad053324f31b,0,99.59766725774475,2,3735,62.809,62.8,687500,2160084889,431812,2172587950,1000000000
1749312923,2025-06-07T16:15:23.000,0xa160cdab225685da1d56aa342ad8841c3b53f291,0x24b8f9f6f4a5c14a46cb267b2a070a73248fb15de5ff8ca511d4eb65665222eb,0x1594c651ff8ca349e815b44adfd9c900b6696194,0xda0b76cc92e94a6f972ed29c104bbe8d73c2f753,2,0.40235469884595004,0x4af043aca08bbe1fa2ac78eb205ea353327aa5ce,0xd90e2f925da726b50c4ed8d0fb90ad053324f31b,0,99.59764530115406,0,560,63.169,63.2,687500,4288833175,434288,null,null
1749312923,2025-06-07T16:15:23.000,0xa160cdab225685da1d56aa342ad8841c3b53f291,0x24b8f9f6f4a5c14a46cb267b2a070a73248fb15de5ff8ca511d4eb65665222eb,0x1594c651ff8ca349e815b44adfd9c900b6696194,0xda0b76cc92e94a6f972ed29c104bbe8d73c2f753,2,0.40235469884595004,0x4af043aca08bbe1fa2ac78eb205ea353327aa5ce,0xd90e2f925da726b50c4ed8d0fb90ad053324f31b,0,0.40235469884595004,0,560,63.169,63.2,687500,4288833175,434288,null,null
1749312299,2025-06-07T16:04:59.000,0xa160cdab225685da1d56aa342ad8841c3b53f291,0x17bed0f18688ee066ae07bfb42d5e6cf32799d430ffdd041c48b5f4dacfc1439,0xdf181fcfc870a68e10c816e37745ed5ee93eb49f,0xda0b76cc92e94a6f972ed29c104bbe8d73c2f753,2,0.4324470749446,0x4af043aca08bbe1fa2ac78eb205ea353327aa5ce,0xd90e2f925da726b50c4ed8d0fb90ad053324f31b,0,99.5675529250554,0,557,63.17,63.2,687500,4269401331,434300,null,null
1749312299,2025-06-07T16:04:59.000,0xa160cdab225685da1d56aa342ad8841c3b53f291,0x17bed0f18688ee066ae07bfb42d5e6cf32799d430ffdd041c48b5f4dacfc1439,0xdf181fcfc870a68e10c816e37745ed5ee93eb49f,0xda0b76cc92e94a6f972ed29c104bbe8d73c2f753,2,0.4324470749446,0x4af043aca08bbe1fa2ac78eb205ea353327aa5ce,0xd90e2f925da726b50c4ed8d0fb90ad053324f31b,0,0.4324470749446,0,557,63.17,63.2,687500,4269401331,434300,null,null
1749309227,2025-06-07T15:13:47.000,0xa160cdab225685da1d56aa342ad8841c3b53f291,0x0f2862e18e3940a7820796cbefbcf5dfc6c9e8f25423d9e6c64d2293380547ce,0xb9385d95425ead9e48475949f712b232b8ab7ca8,0x2bce45670cba81658e45c132f0b4eaba97a7fbba,2,0.43236082779845,0x2bce45670cba81658e45c132f0b4eaba97a7fbba,0xd90e2f925da726b50c4ed8d0fb90ad053324f31b,0,99.56763917220155,0,128,59.169,59.2,687500,4348315111,406788,null,null
1749309227,2025-06-07T15:13:47.000,0xa160cdab225685da1d56aa342ad8841c3b53f291,0x0f2862e18e3940a7820796cbefbcf5dfc6c9e8f25423d9e6c64d2293380547ce,0xb9385d95425ead9e48475949f712b232b8ab7ca8,0x2bce45670cba81658e45c132f0b4eaba97a7fbba,2,0.43236082779845,0x2bce45670cba81658e45c132f0b4eaba97a7fbba,0xd90e2f925da726b50c4ed8d0fb90ad053324f31b,0,0.43236082779845,0,128,59.169,59.2,687500,4348315111,406788,null,null
1749309047,2025-06-07T15:10:47.000,0xa160cdab225685da1d56aa342ad8841c3b53f291,0xbc1abbfea75be07e9e51d3eebc5513f1df46f2d8cab230004da0f46c0e0f459c,0x2ceba12637323e6180945541929728cf99f007c8,0xda0b76cc92e94a6f972ed29c104bbe8d73c2f753,4,0.40244920011049995,0x4af043aca08bbe1fa2ac78eb205ea353327aa5ce,0xd90e2f925da726b50c4ed8d0fb90ad053324f31b,0,99.5975507998895,0,556,59.536,59.5,687500,4371718679,409312,null,null
1749309047,2025-06-07T15:10:47.000,0xa160cdab225685da1d56aa342ad8841c3b53f291,0xbc1abbfea75be07e9e51d3eebc5513f1df46f2d8cab230004da0f46c0e0f459c,0x2ceba12637323e6180945541929728cf99f007c8,0xda0b76cc92e94a6f972ed29c104bbe8d73c2f753,4,0.40244920011049995,0x4af043aca08bbe1fa2ac78eb205ea353327aa5ce,0xd90e2f925da726b50c4ed8d0fb90ad053324f31b,0,0.40244920011049995,0,556,59.536,59.5,687500,4371718679,409312,null,null
1749308735,2025-06-07T15:05:35.000,0xa160cdab225685da1d56aa342ad8841c3b53f291,0xf403db03650e2ac39b23f97d78cf39030a3fed64371c6a67d489b2ce94bd1448,0x2ceba12637323e6180945541929728cf99f007c8,0x7d2a66f05d2bb0ff4dc856eb317196c59ac3e932,4,0.4024785099064,0x7d2a66f05d2bb0ff4dc856eb317196c59ac3e932,0xd90e2f925da726b50c4ed8d0fb90ad053324f31b,0,99.5975214900936,0,372,62.805,62.8,687500,4606312937,431788,null,null
1749308735,2025-06-07T15:05:35.000,0xa160cdab225685da1d56aa342ad8841c3b53f291,0xf403db03650e2ac39b23f97d78cf39030a3fed64371c6a67d489b2ce94bd1448,0x2ceba12637323e6180945541929728cf99f007c8,0x7d2a66f05d2bb0ff4dc856eb317196c59ac3e932,4,0.4024785099064,0x7d2a66f05d2bb0ff4dc856eb317196c59ac3e932,0xd90e2f925da726b50c4ed8d0fb90ad053324f31b,0,0.4024785099064,0,372,62.805,62.8,687500,4606312937,431788,null,null
1749298247,2025-06-07T12:10:47.000,0xa160cdab225685da1d56aa342ad8841c3b53f291,0x695be340245f6db244632763aafa600a5faeadabc1a4b04f88b0b730f059f8dc,0xeb7f101d90ae60b541b8892bd8b7b6238b43aafd,0x0e9d9a828247f5eed7f6d31d213a39805de52441,4,0.40234940006015,0x0e9d9a828247f5eed7f6d31d213a39805de52441,0xd90e2f925da726b50c4ed8d0fb90ad053324f31b,0,99.59765059993985,0,1255,59.174,59.2,687500,4278044449,406824,null,null
1749298247,2025-06-07T12:10:47.000,0xa160cdab225685da1d56aa342ad8841c3b53f291,0x695be340245f6db244632763aafa600a5faeadabc1a4b04f88b0b730f059f8dc,0xeb7f101d90ae60b541b8892bd8b7b6238b43aafd,0x0e9d9a828247f5eed7f6d31d213a39805de52441,4,0.40234940006015,0x0e9d9a828247f5eed7f6d31d213a39805de52441,0xd90e2f925da726b50c4ed8d0fb90ad053324f31b,0,0.40234940006015,0,1255,59.174,59.2,687500,4278044449,406824,null,null
1749298115,2025-06-07T12:08:35.000,0xa160cdab225685da1d56aa342ad8841c3b53f291,0x60edcb01c7995b7b63b24eda62c530db20fb3506cfc442aee3d9b5ae2cb096ec,0xeb7f101d90ae60b541b8892bd8b7b6238b43aafd,0x0e9d9a828247f5eed7f6d31d213a39805de52441,4,0.43222238501925,0x0e9d9a828247f5eed7f6d31d213a39805de52441,0xd90e2f925da726b50c4ed8d0fb90ad053324f31b,0,99.56777761498074,0,1254,62.809,62.8,687500,4271636473,431812,null,null
1749298115,2025-06-07T12:08:35.000,0xa160cdab225685da1d56aa342ad8841c3b53f291,0x60edcb01c7995b7b63b24eda62c530db20fb3506cfc442aee3d9b5ae2cb096ec,0xeb7f101d90ae60b541b8892bd8b7b6238b43aafd,0x0e9d9a828247f5eed7f6d31d213a39805de52441,4,0.43222238501925,0x0e9d9a828247f5eed7f6d31d213a39805de52441,0xd90e2f925da726b50c4ed8d0fb90ad053324f31b,0,0.43222238501925,0,1254,62.809,62.8,687500,4271636473,431812,null,null
1749296711,2025-06-07T11:45:11.000,0xa160cdab225685da1d56aa342ad8841c3b53f291,0x1a36de224d9294c681629ad010736adc765c3f0083eaa2b1c4083ad72a8476d2,0x5155e228e8d3187293f2ce39af63972faa68b518,0x7d2a66f05d2bb0ff4dc856eb317196c59ac3e932,6,0.4021703272943,0x7d2a66f05d2bb0ff4dc856eb317196c59ac3e932,0xd90e2f925da726b50c4ed8d0fb90ad053324f31b,0,99.5978296727057,0,370,59.169,59.2,687500,4509128762,406788,null,null
1749296711,2025-06-07T11:45:11.000,0xa160cdab225685da1d56aa342ad8841c3b53f291,0x1a36de224d9294c681629ad010736adc765c3f0083eaa2b1c4083ad72a8476d2,0x5155e228e8d3187293f2ce39af63972faa68b518,0x7d2a66f05d2bb0ff4dc856eb317196c59ac3e932,6,0.4021703272943,0x7d2a66f05d2bb0ff4dc856eb317196c59ac3e932,0xd90e2f925da726b50c4ed8d0fb90ad053324f31b,0,0.4021703272943,0,370,59.169,59.2,687500,4509128762,406788,null,null
1749296351,2025-06-07T11:39:11.000,0xa160cdab225685da1d56aa342ad8841c3b53f291,0x0d5cd15fd7ac5a88f22a6da52a0563b970ad5b244e4d415f00702d3a1801e8d1,0x5155e228e8d3187293f2ce39af63972faa68b518,0x7d2a66f05d2bb0ff4dc856eb317196c59ac3e932,6,0.4022273754272,0x7d2a66f05d2bb0ff4dc856eb317196c59ac3e932,0xd90e2f925da726b50c4ed8d0fb90ad053324f31b,0,99.5977726245728,0,369,59.169,59.2,687500,3915054308,406788,null,null
1749296351,2025-06-07T11:39:11.000,0xa160cdab225685da1d56aa342ad8841c3b53f291,0x0d5cd15fd7ac5a88f22a6da52a0563b970ad5b244e4d415f00702d3a1801e8d1,0x5155e228e8d3187293f2ce39af63972faa68b518,0x7d2a66f05d2bb0ff4dc856eb317196c59ac3e932,6,0.4022273754272,0x7d2a66f05d2bb0ff4dc856eb317196c59ac3e932,0xd90e2f925da726b50c4ed8d0fb90ad053324f31b,0,0.4022273754272,0,369,59.169,59.2,687500,3915054308,406788,null,null
1749296255,2025-06-07T11:37:35.000,0xa160cdab225685da1d56aa342ad8841c3b53f291,0xe146ea969106ea070c9dabbe52dc8d38ddbf5160be17025bc802ab8fcca856cf,0x5155e228e8d3187293f2ce39af63972faa68b518,0x7d2a66f05d2bb0ff4dc856eb317196c59ac3e932,6,0.43225791673855,0x7d2a66f05d2bb0ff4dc856eb317196c59ac3e932,0xd90e2f925da726b50c4ed8d0fb90ad053324f31b,0,99.56774208326145,0,368,62.81,62.8,687500,3968954195,431824,null,null
1749296255,2025-06-07T11:37:35.000,0xa160cdab225685da1d56aa342ad8841c3b53f291,0xe146ea969106ea070c9dabbe52dc8d38ddbf5160be17025bc802ab8fcca856cf,0x5155e228e8d3187293f2ce39af63972faa68b518,0x7d2a66f05d2bb0ff4dc856eb317196c59ac3e932,6,0.43225791673855,0x7d2a66f05d2bb0ff4dc856eb317196c59ac3e932,0xd90e2f925da726b50c4ed8d0fb90ad053324f31b,0,0.43225791673855,0,368,62.81,62.8,687500,3968954195,431824,null,null
1749293375,2025-06-07T10:49:35.000,0xa160cdab225685da1d56aa342ad8841c3b53f291,0x973293bc6940bc05b2b488bdf1087e7065627075402d09c1f099c731a3ff8185,0xc9900fb7c108a4030a7c0b87364bf06b4e341703,0xc49415493eb3ec64a0f13d8aa5056f1cfc4ce35c,2,0.40230229135125,0xc49415493eb3ec64a0f13d8aa5056f1cfc4ce35c,0xd90e2f925da726b50c4ed8d0fb90ad053324f31b,0,99.59769770864874,2,3731,62.809,62.8,687500,2087724150,431812,2087724150,1000000000
1749293375,2025-06-07T10:49:35.000,0xa160cdab225685da1d56aa342ad8841c3b53f291,0x973293bc6940bc05b2b488bdf1087e7065627075402d09c1f099c731a3ff8185,0xc9900fb7c108a4030a7c0b87364bf06b4e341703,0xc49415493eb3ec64a0f13d8aa5056f1cfc4ce35c,2,0.40230229135125,0xc49415493eb3ec64a0f13d8aa5056f1cfc4ce35c,0xd90e2f925da726b50c4ed8d0fb90ad053324f31b,0,0.40230229135125,2,3731,62.809,62.8,687500,2087724150,431812,2087724150,1000000000
1749293279,2025-06-07T10:47:59.000,0xa160cdab225685da1d56aa342ad8841c3b53f291,0x4d565e63891292770b81d67f7ed02ec2554525ee262817a758fe81e4f89362ea,0x364473849cc258df1933f90bafee38ad18150ed4,0xda0b76cc92e94a6f972ed29c104bbe8d73c2f753,2,0.40219078285305,0x4af043aca08bbe1fa2ac78eb205ea353327aa5ce,0xd90e2f925da726b50c4ed8d0fb90ad053324f31b,0,99.59780921714695,0,553,63.172,63.2,687500,4110972316,434312,null,null
1749293279,2025-06-07T10:47:59.000,0xa160cdab225685da1d56aa342ad8841c3b53f291,0x4d565e63891292770b81d67f7ed02ec2554525ee262817a758fe81e4f89362ea,0x364473849cc258df1933f90bafee38ad18150ed4,0xda0b76cc92e94a6f972ed29c104bbe8d73c2f753,2,0.40219078285305,0x4af043aca08bbe1fa2ac78eb205ea353327aa5ce,0xd90e2f925da726b50c4ed8d0fb90ad053324f31b,0,0.40219078285305,0,553,63.172,63.2,687500,4110972316,434312,null,null
1749292883,2025-06-07T10:41:23.000,0xa160cdab225685da1d56aa342ad8841c3b53f291,0x7ba35488e79c11f16a0f7304a11c2a112f356634d0c3b901c414b8d703dd8dc0,0x24dba566d892748ba57a439225f575c1052f1f60,0xc49415493eb3ec64a0f13d8aa5056f1cfc4ce35c,2,0.40221439793630004,0xc49415493eb3ec64a0f13d8aa5056f1cfc4ce35c,0xd90e2f925da726b50c4ed8d0fb90ad053324f31b,0,99.5977856020637,2,3730,62.805,62.8,687500,2956365466,431788,2956365466,2000000000
1749292883,2025-06-07T10:41:23.000,0xa160cdab225685da1d56aa342ad8841c3b53f291,0x7ba35488e79c11f16a0f7304a11c2a112f356634d0c3b901c414b8d703dd8dc0,0x24dba566d892748ba57a439225f575c1052f1f60,0xc49415493eb3ec64a0f13d8aa5056f1cfc4ce35c,2,0.40221439793630004,0xc49415493eb3ec64a0f13d8aa5056f1cfc4ce35c,0xd90e2f925da726b50c4ed8d0fb90ad053324f31b,0,0.40221439793630004,2,3730,62.805,62.8,687500,2956365466,431788,2956365466,2000000000
1749292775,2025-06-07T10:39:35.000,0xa160cdab225685da1d56aa342ad8841c3b53f291,0xb99aa67b42dc362c71c4b17e542c6595fa47474a0fae6668be850a495788185c,0x92a71d68b05ae903d9ac7a6e6e1a0f6a22023883,0xc49415493eb3ec64a0f13d8aa5056f1cfc4ce35c,2,0.4021778852029,0xc49415493eb3ec64a0f13d8aa5056f1cfc4ce35c,0xd90e2f925da726b50c4ed8d0fb90ad053324f31b,0,99.5978221147971,2,3728,62.809,62.8,687500,2032591137,431812,2050876833,1000000000
1749292775,2025-06-07T10:39:35.000,0xa160cdab225685da1d56aa342ad8841c3b53f291,0xb99aa67b42dc362c71c4b17e542c6595fa47474a0fae6668be850a495788185c,0x92a71d68b05ae903d9ac7a6e6e1a0f6a22023883,0xc49415493eb3ec64a0f13d8aa5056f1cfc4ce35c,2,0.4021778852029,0xc49415493eb3ec64a0f13d8aa5056f1cfc4ce35c,0xd90e2f925da726b50c4ed8d0fb90ad053324f31b,0,0.4021778852029,2,3728,62.809,62.8,687500,2032591137,431812,2050876833,1000000000
1749282767,2025-06-07T07:52:47.000,0xa160cdab225685da1d56aa342ad8841c3b53f291,0xc9ad3a1ae9d4d1e89499d497d22490e1d89b8e3af5969c49adac682b5a6db1ac,0xe09ecef06a89318f9e3f5f38de377e1282d24277,0xc49415493eb3ec64a0f13d8aa5056f1cfc4ce35c,2,0.40221123404645,0xc49415493eb3ec64a0f13d8aa5056f1cfc4ce35c,0xd90e2f925da726b50c4ed8d0fb90ad053324f31b,0,99.59778876595355,2,3717,59.17,59.2,687500,2032396535,406800,2044473731,1000000000
1749282767,2025-06-07T07:52:47.000,0xa160cdab225685da1d56aa342ad8841c3b53f291,0xc9ad3a1ae9d4d1e89499d497d22490e1d89b8e3af5969c49adac682b5a6db1ac,0xe09ecef06a89318f9e3f5f38de377e1282d24277,0xc49415493eb3ec64a0f13d8aa5056f1cfc4ce35c,2,0.40221123404645,0xc49415493eb3ec64a0f13d8aa5056f1cfc4ce35c,0xd90e2f925da726b50c4ed8d0fb90ad053324f31b,0,0.40221123404645,2,3717,59.17,59.2,687500,2032396535,406800,2044473731,1000000000
1749280331,2025-06-07T07:12:11.000,0xa160cdab225685da1d56aa342ad8841c3b53f291,0xe0379c66860e62c30e5b792985e1acd8a60950ddb6c2ec1148372201f755c5c4,0x197fab4d18f70af87ae7f11e3da0b6eaa161c2b3,0xda0b76cc92e94a6f972ed29c104bbe8d73c2f753,2,0.4021914483426,0x4af043aca08bbe1fa2ac78eb205ea353327aa5ce,0xd90e2f925da726b50c4ed8d0fb90ad053324f31b,0,0.4021914483426,0,551,63.172,63.2,687500,3882583599,434312,null,null
1749280331,2025-06-07T07:12:11.000,0xa160cdab225685da1d56aa342ad8841c3b53f291,0xe0379c66860e62c30e5b792985e1acd8a60950ddb6c2ec1148372201f755c5c4,0x197fab4d18f70af87ae7f11e3da0b6eaa161c2b3,0xda0b76cc92e94a6f972ed29c104bbe8d73c2f753,2,0.4021914483426,0x4af043aca08bbe1fa2ac78eb205ea353327aa5ce,0xd90e2f925da726b50c4ed8d0fb90ad053324f31b,0,99.59780855165741,0,551,63.172,63.2,687500,3882583599,434312,null,null
1749280127,2025-06-07T07:08:47.000,0xa160cdab225685da1d56aa342ad8841c3b53f291,0x7179fc9723382e2c9b6c793c0e9906795e505cd7fb801706395f9ee9ea617792,0x42ea172c8ee4e89be0d8806d757b839c4183c544,0xda0b76cc92e94a6f972ed29c104bbe8d73c2f753,2,0.40222710803205,0x4af043aca08bbe1fa2ac78eb205ea353327aa5ce,0xd90e2f925da726b50c4ed8d0fb90ad053324f31b,0,99.59777289196795,0,550,63.172,63.2,687500,4012573918,434312,null,null
1749280127,2025-06-07T07:08:47.000,0xa160cdab225685da1d56aa342ad8841c3b53f291,0x7179fc9723382e2c9b6c793c0e9906795e505cd7fb801706395f9ee9ea617792,0x42ea172c8ee4e89be0d8806d757b839c4183c544,0xda0b76cc92e94a6f972ed29c104bbe8d73c2f753,2,0.40222710803205,0x4af043aca08bbe1fa2ac78eb205ea353327aa5ce,0xd90e2f925da726b50c4ed8d0fb90ad053324f31b,0,0.40222710803205,0,550,63.172,63.2,687500,4012573918,434312,null,null
1749278615,2025-06-07T06:43:35.000,0xa160cdab225685da1d56aa342ad8841c3b53f291,0x3991e8a5037548e4debb961b82eb687ab735fca6f813295644ec9646f317c0ae,0xc4e52a4f361dd989f3b469619ac4cfee79a39eb4,0x0381deee9bbcd701d022b47c81f5b0079f48d38c,2,0.43207484612115,0xd0b9b6674b77befd88884d2bdeea979c023938e8,0xd90e2f925da726b50c4ed8d0fb90ad053324f31b,0,99.56792515387885,0,81,63.169,63.2,687500,3711613755,434288,null,null
1749278615,2025-06-07T06:43:35.000,0xa160cdab225685da1d56aa342ad8841c3b53f291,0x3991e8a5037548e4debb961b82eb687ab735fca6f813295644ec9646f317c0ae,0xc4e52a4f361dd989f3b469619ac4cfee79a39eb4,0x0381deee9bbcd701d022b47c81f5b0079f48d38c,2,0.43207484612115,0xd0b9b6674b77befd88884d2bdeea979c023938e8,0xd90e2f925da726b50c4ed8d0fb90ad053324f31b,0,0.43207484612115,0,81,63.169,63.2,687500,3711613755,434288,null,null
1749277991,2025-06-07T06:33:11.000,0xa160cdab225685da1d56aa342ad8841c3b53f291,0x91a814efff815c448cac517cade26dbf317fe6fc060d1cd656bb272328b6fe07,0xc26c9e1ff524998bd601b8651622cd45aaac7069,0xc0f12799b8d3fa8810dfe1616095170c72117f8f,4,0.4021386284535,0xc0f12799b8d3fa8810dfe1616095170c72117f8f,0xd90e2f925da726b50c4ed8d0fb90ad053324f31b,0,99.5978613715465,0,254,59.172,59.2,687500,3911708213,406812,null,null
1749277991,2025-06-07T06:33:11.000,0xa160cdab225685da1d56aa342ad8841c3b53f291,0x91a814efff815c448cac517cade26dbf317fe6fc060d1cd656bb272328b6fe07,0xc26c9e1ff524998bd601b8651622cd45aaac7069,0xc0f12799b8d3fa8810dfe1616095170c72117f8f,4,0.4021386284535,0xc0f12799b8d3fa8810dfe1616095170c72117f8f,0xd90e2f925da726b50c4ed8d0fb90ad053324f31b,0,0.4021386284535,0,254,59.172,59.2,687500,3911708213,406812,null,null
1749277739,2025-06-07T06:28:59.000,0xa160cdab225685da1d56aa342ad8841c3b53f291,0x8736a433dea02b960f590892c0a79ad7681f9b148039518c4ace197843a09fec,0xc26c9e1ff524998bd601b8651622cd45aaac7069,0xc0f12799b8d3fa8810dfe1616095170c72117f8f,4,0.40202946983525,0xc0f12799b8d3fa8810dfe1616095170c72117f8f,0xd90e2f925da726b50c4ed8d0fb90ad053324f31b,0,99.59797053016476,0,253,62.809,62.8,687500,3682880230,431812,null,null
1749277739,2025-06-07T06:28:59.000,0xa160cdab225685da1d56aa342ad8841c3b53f291,0x8736a433dea02b960f590892c0a79ad7681f9b148039518c4ace197843a09fec,0xc26c9e1ff524998bd601b8651622cd45aaac7069,0xc0f12799b8d3fa8810dfe1616095170c72117f8f,4,0.40202946983525,0xc0f12799b8d3fa8810dfe1616095170c72117f8f,0xd90e2f925da726b50c4ed8d0fb90ad053324f31b,0,0.40202946983525,0,253,62.809,62.8,687500,3682880230,431812,null,null
1749276371,2025-06-07T06:06:11.000,0xa160cdab225685da1d56aa342ad8841c3b53f291,0x12b60712544827c09be48590dbbaf66329d67080098e7b34e5014b08bfa8e8f0,0x09ff59753efc8e37a0e46350729367681151d85f,0xf0bf3c1d67afa6c48b9b5d1bc7e3f0b87f2b80dd,2,0.40213569442405,0xf0bf3c1d67afa6c48b9b5d1bc7e3f0b87f2b80dd,0xd90e2f925da726b50c4ed8d0fb90ad053324f31b,0,99.59786430557595,0,273,62.81,62.8,687500,888526390,431824,null,null
1749276371,2025-06-07T06:06:11.000,0xa160cdab225685da1d56aa342ad8841c3b53f291,0x12b60712544827c09be48590dbbaf66329d67080098e7b34e5014b08bfa8e8f0,0x09ff59753efc8e37a0e46350729367681151d85f,0xf0bf3c1d67afa6c48b9b5d1bc7e3f0b87f2b80dd,2,0.40213569442405,0xf0bf3c1d67afa6c48b9b5d1bc7e3f0b87f2b80dd,0xd90e2f925da726b50c4ed8d0fb90ad053324f31b,0,0.40213569442405,0,273,62.81,62.8,687500,888526390,431824,null,null
1749275735,2025-06-07T05:55:35.000,0xa160cdab225685da1d56aa342ad8841c3b53f291,0xee6e541c0497790591b5c9d1e8de85e40f41b8caac48cb5dc53b6e812fe03c9a,0x1027b113f15d38811944dc2923e57f9faa6fedfa,0xf0bf3c1d67afa6c48b9b5d1bc7e3f0b87f2b80dd,2,0.40204121318885,0xf0bf3c1d67afa6c48b9b5d1bc7e3f0b87f2b80dd,0xd90e2f925da726b50c4ed8d0fb90ad053324f31b,0,99.59795878681115,0,272,62.807,62.8,687500,3659006464,431800,null,null
1749275735,2025-06-07T05:55:35.000,0xa160cdab225685da1d56aa342ad8841c3b53f291,0xee6e541c0497790591b5c9d1e8de85e40f41b8caac48cb5dc53b6e812fe03c9a,0x1027b113f15d38811944dc2923e57f9faa6fedfa,0xf0bf3c1d67afa6c48b9b5d1bc7e3f0b87f2b80dd,2,0.40204121318885,0xf0bf3c1d67afa6c48b9b5d1bc7e3f0b87f2b80dd,0xd90e2f925da726b50c4ed8d0fb90ad053324f31b,0,0.40204121318885,0,272,62.807,62.8,687500,3659006464,431800,null,null
1749270491,2025-06-07T04:28:11.000,0xa160cdab225685da1d56aa342ad8841c3b53f291,0x730068c344cc0564a6a783d5653dde07ffc0eb40acb55718993a01e26f0e469e,0xed2b4a483de44193d645476b2496c3f75ef7421d,0xc49415493eb3ec64a0f13d8aa5056f1cfc4ce35c,2,0.40206221173344997,0xc49415493eb3ec64a0f13d8aa5056f1cfc4ce35c,0xd90e2f925da726b50c4ed8d0fb90ad053324f31b,0,99.59793778826655,2,3713,62.81,62.8,687500,1748210029,431824,1748210029,1000000000
1749270491,2025-06-07T04:28:11.000,0xa160cdab225685da1d56aa342ad8841c3b53f291,0x730068c344cc0564a6a783d5653dde07ffc0eb40acb55718993a01e26f0e469e,0xed2b4a483de44193d645476b2496c3f75ef7421d,0xc49415493eb3ec64a0f13d8aa5056f1cfc4ce35c,2,0.40206221173344997,0xc49415493eb3ec64a0f13d8aa5056f1cfc4ce35c,0xd90e2f925da726b50c4ed8d0fb90ad053324f31b,0,0.40206221173344997,2,3713,62.81,62.8,687500,1748210029,431824,1748210029,1000000000
1749269363,2025-06-07T04:09:23.000,0xa160cdab225685da1d56aa342ad8841c3b53f291,0xfef43011c2c792078b3a8bb6e0ca8a765c316410bcae80db7ea9d408afe439a9,0xe0e30940f47ce4182ae828d5c167cb9aeb4735bc,0x0381deee9bbcd701d022b47c81f5b0079f48d38c,2,0.4020637637944,0xd0b9b6674b77befd88884d2bdeea979c023938e8,0xd90e2f925da726b50c4ed8d0fb90ad053324f31b,0,99.5979362362056,0,80,59.531,59.5,687500,3760745779,409276,null,null
1749269363,2025-06-07T04:09:23.000,0xa160cdab225685da1d56aa342ad8841c3b53f291,0xfef43011c2c792078b3a8bb6e0ca8a765c316410bcae80db7ea9d408afe439a9,0xe0e30940f47ce4182ae828d5c167cb9aeb4735bc,0x0381deee9bbcd701d022b47c81f5b0079f48d38c,2,0.4020637637944,0xd0b9b6674b77befd88884d2bdeea979c023938e8,0xd90e2f925da726b50c4ed8d0fb90ad053324f31b,0,0.4020637637944,0,80,59.531,59.5,687500,3760745779,409276,null,null
1749263195,2025-06-07T02:26:35.000,0xa160cdab225685da1d56aa342ad8841c3b53f291,0x24382777a3d74ff722bc1f464c7edd20353ea4170d7f4994fce3d195adfb3d62,0x11ba8dd6370aaf4bb4a73e63d3bae4a0003e600d,0x7d2a66f05d2bb0ff4dc856eb317196c59ac3e932,4,0.40209780001144996,0x7d2a66f05d2bb0ff4dc856eb317196c59ac3e932,0xd90e2f925da726b50c4ed8d0fb90ad053324f31b,0,99.59790219998855,0,321,59.17,59.2,687500,3844259957,406800,null,null
1749263195,2025-06-07T02:26:35.000,0xa160cdab225685da1d56aa342ad8841c3b53f291,0x24382777a3d74ff722bc1f464c7edd20353ea4170d7f4994fce3d195adfb3d62,0x11ba8dd6370aaf4bb4a73e63d3bae4a0003e600d,0x7d2a66f05d2bb0ff4dc856eb317196c59ac3e932,4,0.40209780001144996,0x7d2a66f05d2bb0ff4dc856eb317196c59ac3e932,0xd90e2f925da726b50c4ed8d0fb90ad053324f31b,0,0.40209780001144996,0,321,59.17,59.2,687500,3844259957,406800,null,null
1749263003,2025-06-07T02:23:23.000,0xa160cdab225685da1d56aa342ad8841c3b53f291,0xf2bee9ec108cb392b9ee9b36c72975c059d0710ee768903a6ab26c3c66a97cfc,0x11ba8dd6370aaf4bb4a73e63d3bae4a0003e600d,0x7d2a66f05d2bb0ff4dc856eb317196c59ac3e932,4,0.4021026338608,0x7d2a66f05d2bb0ff4dc856eb317196c59ac3e932,0xd90e2f925da726b50c4ed8d0fb90ad053324f31b,0,99.59789736613921,0,319,62.803,62.8,687500,3860489706,431776,null,null
1749263003,2025-06-07T02:23:23.000,0xa160cdab225685da1d56aa342ad8841c3b53f291,0xf2bee9ec108cb392b9ee9b36c72975c059d0710ee768903a6ab26c3c66a97cfc,0x11ba8dd6370aaf4bb4a73e63d3bae4a0003e600d,0x7d2a66f05d2bb0ff4dc856eb317196c59ac3e932,4,0.4021026338608,0x7d2a66f05d2bb0ff4dc856eb317196c59ac3e932,0xd90e2f925da726b50c4ed8d0fb90ad053324f31b,0,0.4021026338608,0,319,62.803,62.8,687500,3860489706,431776,null,null
1749252347,2025-06-06T23:25:47.000,0xa160cdab225685da1d56aa342ad8841c3b53f291,0x26357064184833a610ff59bd37efc9f35ed31fec130b63818711bef7dff6b225,0x13081dc02eff455b7258eb2353e013d3cdfd614d,0x13081dc02eff455b7258eb2353e013d3cdfd614d,4,0,0x61ce9ffd81add98b3064dfb0191643df16031d01,0xd90e2f925da726b50c4ed8d0fb90ad053324f31b,0,100,2,3,62.853,62.9,559727,4662601291,351807,4662601291,3000000000
1749252263,2025-06-06T23:24:23.000,0xa160cdab225685da1d56aa342ad8841c3b53f291,0xbaa5bc31c5b1e6cd0af0d49042f737891ce9e7ad1184b6c32232e2cea20c1852,0x13081dc02eff455b7258eb2353e013d3cdfd614d,0x13081dc02eff455b7258eb2353e013d3cdfd614d,4,0,0x61ce9ffd81add98b3064dfb0191643df16031d01,0xd90e2f925da726b50c4ed8d0fb90ad053324f31b,0,100,2,2,62.852,62.9,559715,4767910793,351795,4767910793,3000000000
1749252167,2025-06-06T23:22:47.000,0xa160cdab225685da1d56aa342ad8841c3b53f291,0xe2b32838a75b11f8c809b5e2962ff7e0377d7f8924c31c1bf6dbce592a532057,0x13081dc02eff455b7258eb2353e013d3cdfd614d,0x13081dc02eff455b7258eb2353e013d3cdfd614d,4,0,0x61ce9ffd81add98b3064dfb0191643df16031d01,0xd90e2f925da726b50c4ed8d0fb90ad053324f31b,0,100,2,1,62.854,62.9,559739,4540116381,351819,4540116381,3000000000
1749248615,2025-06-06T22:23:35.000,0xa160cdab225685da1d56aa342ad8841c3b53f291,0x881bad13a649c99e0dc1c2e968bdca0086db47e9e4f3c84aba8a9b745e55f6a8,0x13081dc02eff455b7258eb2353e013d3cdfd614d,0x13081dc02eff455b7258eb2353e013d3cdfd614d,4,0,0x61ce9ffd81add98b3064dfb0191643df16031d01,0xd90e2f925da726b50c4ed8d0fb90ad053324f31b,0,100,2,0,64.397,64.4,585124,20996798100,376807,21215350932,3000000000
1749232031,2025-06-06T17:47:11.000,0xa160cdab225685da1d56aa342ad8841c3b53f291,0x9f8aa52ff65f0aa17f881dee915f4171c0b95e99bf3e47f389b47117382c269f,0xa2dd9e302c58632abd8b8ba18a39107c9568414a,0x7d2a66f05d2bb0ff4dc856eb317196c59ac3e932,4,0.40285563505095,0x7d2a66f05d2bb0ff4dc856eb317196c59ac3e932,0xd90e2f925da726b50c4ed8d0fb90ad053324f31b,0,99.59714436494905,0,318,59.167,59.2,687500,5736632389,406776,null,null
1749232031,2025-06-06T17:47:11.000,0xa160cdab225685da1d56aa342ad8841c3b53f291,0x9f8aa52ff65f0aa17f881dee915f4171c0b95e99bf3e47f389b47117382c269f,0xa2dd9e302c58632abd8b8ba18a39107c9568414a,0x7d2a66f05d2bb0ff4dc856eb317196c59ac3e932,4,0.40285563505095,0x7d2a66f05d2bb0ff4dc856eb317196c59ac3e932,0xd90e2f925da726b50c4ed8d0fb90ad053324f31b,0,0.40285563505095,0,318,59.167,59.2,687500,5736632389,406776,null,null
1749231971,2025-06-06T17:46:11.000,0xa160cdab225685da1d56aa342ad8841c3b53f291,0x207b207c183a9436e17537d3aaee98c69e59fb3b4d34b7e0019bd677cf827f07,0xa2dd9e302c58632abd8b8ba18a39107c9568414a,0x7d2a66f05d2bb0ff4dc856eb317196c59ac3e932,4,0.43295691102190004,0x7d2a66f05d2bb0ff4dc856eb317196c59ac3e932,0xd90e2f925da726b50c4ed8d0fb90ad053324f31b,0,99.5670430889781,0,317,62.81,62.8,687500,5447835506,431824,null,null
1749231971,2025-06-06T17:46:11.000,0xa160cdab225685da1d56aa342ad8841c3b53f291,0x207b207c183a9436e17537d3aaee98c69e59fb3b4d34b7e0019bd677cf827f07,0xa2dd9e302c58632abd8b8ba18a39107c9568414a,0x7d2a66f05d2bb0ff4dc856eb317196c59ac3e932,4,0.43295691102190004,0x7d2a66f05d2bb0ff4dc856eb317196c59ac3e932,0xd90e2f925da726b50c4ed8d0fb90ad053324f31b,0,0.43295691102190004,0,317,62.81,62.8,687500,5447835506,431824,null,null
1749224015,2025-06-06T15:33:35.000,0xa160cdab225685da1d56aa342ad8841c3b53f291,0xdafe6c287b3dbac3b07ac2171d0d9460f52502396ddfd368c27708fb486b2612,0xc81a0e682f9e727f10420e84937c0e9c44a97fd5,0x7d2a66f05d2bb0ff4dc856eb317196c59ac3e932,4,0.4035688760184,0x7d2a66f05d2bb0ff4dc856eb317196c59ac3e932,0xd90e2f925da726b50c4ed8d0fb90ad053324f31b,0,99.5964311239816,0,315,59.172,59.2,687500,6365305058,406812,null,null
1749224015,2025-06-06T15:33:35.000,0xa160cdab225685da1d56aa342ad8841c3b53f291,0xdafe6c287b3dbac3b07ac2171d0d9460f52502396ddfd368c27708fb486b2612,0xc81a0e682f9e727f10420e84937c0e9c44a97fd5,0x7d2a66f05d2bb0ff4dc856eb317196c59ac3e932,4,0.4035688760184,0x7d2a66f05d2bb0ff4dc856eb317196c59ac3e932,0xd90e2f925da726b50c4ed8d0fb90ad053324f31b,0,0.4035688760184,0,315,59.172,59.2,687500,6365305058,406812,null,null
1749223991,2025-06-06T15:33:11.000,0xa160cdab225685da1d56aa342ad8841c3b53f291,0x8854eae7b74abcca5289130a29e33cddaecae6ba35b0698881b991073bdae852,0xb573eb8e3f2b913072d1bf237af4bf23a9f9585f,0xda0b76cc92e94a6f972ed29c104bbe8d73c2f753,2,0.4034745879234,0x4af043aca08bbe1fa2ac78eb205ea353327aa5ce,0xd90e2f925da726b50c4ed8d0fb90ad053324f31b,0,99.5965254120766,0,536,63.169,63.2,687500,6310622154,434288,null,null
1749223991,2025-06-06T15:33:11.000,0xa160cdab225685da1d56aa342ad8841c3b53f291,0x8854eae7b74abcca5289130a29e33cddaecae6ba35b0698881b991073bdae852,0xb573eb8e3f2b913072d1bf237af4bf23a9f9585f,0xda0b76cc92e94a6f972ed29c104bbe8d73c2f753,2,0.4034745879234,0x4af043aca08bbe1fa2ac78eb205ea353327aa5ce,0xd90e2f925da726b50c4ed8d0fb90ad053324f31b,0,0.4034745879234,0,536,63.169,63.2,687500,6310622154,434288,null,null
1749223907,2025-06-06T15:31:47.000,0xa160cdab225685da1d56aa342ad8841c3b53f291,0xa92b84eb921907920d91ea1527876beb0a6e489d07f23a8ae2a9b96612e49771,0xd0020ad3c70b8693d516c710fb22f15ba63a066d,0xc49415493eb3ec64a0f13d8aa5056f1cfc4ce35c,2,0.403618280622,0xc49415493eb3ec64a0f13d8aa5056f1cfc4ce35c,0xd90e2f925da726b50c4ed8d0fb90ad053324f31b,0,99.596381719378,2,3712,62.809,62.8,687500,4565647004,431812,4701028099,1000000000
1749223907,2025-06-06T15:31:47.000,0xa160cdab225685da1d56aa342ad8841c3b53f291,0xa92b84eb921907920d91ea1527876beb0a6e489d07f23a8ae2a9b96612e49771,0xd0020ad3c70b8693d516c710fb22f15ba63a066d,0xc49415493eb3ec64a0f13d8aa5056f1cfc4ce35c,2,0.403618280622,0xc49415493eb3ec64a0f13d8aa5056f1cfc4ce35c,0xd90e2f925da726b50c4ed8d0fb90ad053324f31b,0,0.403618280622,2,3712,62.809,62.8,687500,4565647004,431812,4701028099,1000000000
1749223247,2025-06-06T15:20:47.000,0xa160cdab225685da1d56aa342ad8841c3b53f291,0x63f885e5f1c5c9632c3d99e8aa091e69fac2006161509e5f88908ac9e4f4efa2,0xc81a0e682f9e727f10420e84937c0e9c44a97fd5,0x7d2a66f05d2bb0ff4dc856eb317196c59ac3e932,4,0.4038742800877,0x7d2a66f05d2bb0ff4dc856eb317196c59ac3e932,0xd90e2f925da726b50c4ed8d0fb90ad053324f31b,0,99.5961257199123,0,314,62.807,62.8,687500,7037898992,431800,null,null
1749223247,2025-06-06T15:20:47.000,0xa160cdab225685da1d56aa342ad8841c3b53f291,0x63f885e5f1c5c9632c3d99e8aa091e69fac2006161509e5f88908ac9e4f4efa2,0xc81a0e682f9e727f10420e84937c0e9c44a97fd5,0x7d2a66f05d2bb0ff4dc856eb317196c59ac3e932,4,0.4038742800877,0x7d2a66f05d2bb0ff4dc856eb317196c59ac3e932,0xd90e2f925da726b50c4ed8d0fb90ad053324f31b,0,0.4038742800877,0,314,62.807,62.8,687500,7037898992,431800,null,null
1749223079,2025-06-06T15:17:59.000,0xa160cdab225685da1d56aa342ad8841c3b53f291,0x63188ee7ace03815d412e7fb810028dfe0507b9f8fa9d4f488e516e0fe396272,0xecfa2e01a40253eb2fb487bc53f53ce9860828b8,0x0e9d9a828247f5eed7f6d31d213a39805de52441,2,0.43407292687175003,0x0e9d9a828247f5eed7f6d31d213a39805de52441,0xd90e2f925da726b50c4ed8d0fb90ad053324f31b,0,99.56592707312825,0,1252,59.172,59.2,687500,6981768808,406812,null,null
1749223079,2025-06-06T15:17:59.000,0xa160cdab225685da1d56aa342ad8841c3b53f291,0x63188ee7ace03815d412e7fb810028dfe0507b9f8fa9d4f488e516e0fe396272,0xecfa2e01a40253eb2fb487bc53f53ce9860828b8,0x0e9d9a828247f5eed7f6d31d213a39805de52441,2,0.43407292687175003,0x0e9d9a828247f5eed7f6d31d213a39805de52441,0xd90e2f925da726b50c4ed8d0fb90ad053324f31b,0,0.43407292687175003,0,1252,59.172,59.2,687500,6981768808,406812,null,null
1749222599,2025-06-06T15:09:59.000,0xa160cdab225685da1d56aa342ad8841c3b53f291,0xe52b5188f1ee0eb38dc62ae47577ebbc59b1d63c60d498a41414fd5603099a98,0x289d4b2e7cdfca0067b23df1898c5ebb7e222e24,0x7d2a66f05d2bb0ff4dc856eb317196c59ac3e932,2,0.4340328897983,0x7d2a66f05d2bb0ff4dc856eb317196c59ac3e932,0xd90e2f925da726b50c4ed8d0fb90ad053324f31b,0,99.56596711020171,0,310,62.805,62.8,687500,6941848794,431788,null,null
1749222599,2025-06-06T15:09:59.000,0xa160cdab225685da1d56aa342ad8841c3b53f291,0xe52b5188f1ee0eb38dc62ae47577ebbc59b1d63c60d498a41414fd5603099a98,0x289d4b2e7cdfca0067b23df1898c5ebb7e222e24,0x7d2a66f05d2bb0ff4dc856eb317196c59ac3e932,2,0.4340328897983,0x7d2a66f05d2bb0ff4dc856eb317196c59ac3e932,0xd90e2f925da726b50c4ed8d0fb90ad053324f31b,0,0.4340328897983,0,310,62.805,62.8,687500,6941848794,431788,null,null
1749222371,2025-06-06T15:06:11.000,0xa160cdab225685da1d56aa342ad8841c3b53f291,0x07d00dd67a1aa1e3ae463082fbba85cceac6e28c89db86cfe121eb3031d39346,0x305e4676c8d8a223948bde3e2240de34f092919a,0x0e9d9a828247f5eed7f6d31d213a39805de52441,2,0.40424987167384996,0x0e9d9a828247f5eed7f6d31d213a39805de52441,0xd90e2f925da726b50c4ed8d0fb90ad053324f31b,0,99.59575012832615,0,1251,59.17,59.2,687500,7151608349,406800,null,null
1749222371,2025-06-06T15:06:11.000,0xa160cdab225685da1d56aa342ad8841c3b53f291,0x07d00dd67a1aa1e3ae463082fbba85cceac6e28c89db86cfe121eb3031d39346,0x305e4676c8d8a223948bde3e2240de34f092919a,0x0e9d9a828247f5eed7f6d31d213a39805de52441,2,0.40424987167384996,0x0e9d9a828247f5eed7f6d31d213a39805de52441,0xd90e2f925da726b50c4ed8d0fb90ad053324f31b,0,0.40424987167384996,0,1251,59.17,59.2,687500,7151608349,406800,null,null
1749213647,2025-06-06T12:40:47.000,0xa160cdab225685da1d56aa342ad8841c3b53f291,0xb0cd4e5e4ab2ac52c414bb62fea33e21989d62c5f7d87e9225cd0527179fceaf,0x561eabe6ba9d8bcf2dbcc14bc68e3a25ce347e25,0x7d2a66f05d2bb0ff4dc856eb317196c59ac3e932,4,0.40271436629144997,0x7d2a66f05d2bb0ff4dc856eb317196c59ac3e932,0xd90e2f925da726b50c4ed8d0fb90ad053324f31b,0,99.59728563370855,0,309,59.174,59.2,687500,5256501490,406824,null,null
1749213647,2025-06-06T12:40:47.000,0xa160cdab225685da1d56aa342ad8841c3b53f291,0xb0cd4e5e4ab2ac52c414bb62fea33e21989d62c5f7d87e9225cd0527179fceaf,0x561eabe6ba9d8bcf2dbcc14bc68e3a25ce347e25,0x7d2a66f05d2bb0ff4dc856eb317196c59ac3e932,4,0.40271436629144997,0x7d2a66f05d2bb0ff4dc856eb317196c59ac3e932,0xd90e2f925da726b50c4ed8d0fb90ad053324f31b,0,0.40271436629144997,0,309,59.174,59.2,687500,5256501490,406824,null,null
1749209663,2025-06-06T11:34:23.000,0xa160cdab225685da1d56aa342ad8841c3b53f291,0xa046770389b801351189de17eb84cebf45551d15c25ffda48e2e5316dedf55dc,0x561eabe6ba9d8bcf2dbcc14bc68e3a25ce347e25,0x7d2a66f05d2bb0ff4dc856eb317196c59ac3e932,4,0.4024815048632,0x7d2a66f05d2bb0ff4dc856eb317196c59ac3e932,0xd90e2f925da726b50c4ed8d0fb90ad053324f31b,0,0.4024815048632,0,304,62.807,62.8,687500,4624658214,431800,null,null
1749209663,2025-06-06T11:34:23.000,0xa160cdab225685da1d56aa342ad8841c3b53f291,0xa046770389b801351189de17eb84cebf45551d15c25ffda48e2e5316dedf55dc,0x561eabe6ba9d8bcf2dbcc14bc68e3a25ce347e25,0x7d2a66f05d2bb0ff4dc856eb317196c59ac3e932,4,0.4024815048632,0x7d2a66f05d2bb0ff4dc856eb317196c59ac3e932,0xd90e2f925da726b50c4ed8d0fb90ad053324f31b,0,99.5975184951368,0,304,62.807,62.8,687500,4624658214,431800,null,null
1749195299,2025-06-06T07:34:59.000,0xa160cdab225685da1d56aa342ad8841c3b53f291,0xc3456fe68c01c5f0a25d190bf2a6d83588e296af1bed9f44f926b8b14dbed045,0xbdf310821fc90bd9f0aba6f00d290f5b4e631c5f,0x2ee39ff05643bc7cc9ed31b71e142429044a425c,6,0.39311781060965,0x2ee39ff05643bc7cc9ed31b71e142429044a425c,0xd90e2f925da726b50c4ed8d0fb90ad053324f31b,0,99.60688218939035,0,2419,59.172,59.2,687500,5594698752,406812,null,null
1749195299,2025-06-06T07:34:59.000,0xa160cdab225685da1d56aa342ad8841c3b53f291,0xc3456fe68c01c5f0a25d190bf2a6d83588e296af1bed9f44f926b8b14dbed045,0xbdf310821fc90bd9f0aba6f00d290f5b4e631c5f,0x2ee39ff05643bc7cc9ed31b71e142429044a425c,6,0.39311781060965,0x2ee39ff05643bc7cc9ed31b71e142429044a425c,0xd90e2f925da726b50c4ed8d0fb90ad053324f31b,0,0.39311781060965,0,2419,59.172,59.2,687500,5594698752,406812,null,null
1749195071,2025-06-06T07:31:11.000,0xa160cdab225685da1d56aa342ad8841c3b53f291,0x249809c31929dfb8b826d944e37575f0a777f434d621e403daf7332d4b808ea3,0xbdf310821fc90bd9f0aba6f00d290f5b4e631c5f,0x2ee39ff05643bc7cc9ed31b71e142429044a425c,6,0.3933478504796,0x2ee39ff05643bc7cc9ed31b71e142429044a425c,0xd90e2f925da726b50c4ed8d0fb90ad053324f31b,0,99.6066521495204,0,2418,59.163,59.2,687500,5963686680,406752,null,null
1749195071,2025-06-06T07:31:11.000,0xa160cdab225685da1d56aa342ad8841c3b53f291,0x249809c31929dfb8b826d944e37575f0a777f434d621e403daf7332d4b808ea3,0xbdf310821fc90bd9f0aba6f00d290f5b4e631c5f,0x2ee39ff05643bc7cc9ed31b71e142429044a425c,6,0.3933478504796,0x2ee39ff05643bc7cc9ed31b71e142429044a425c,0xd90e2f925da726b50c4ed8d0fb90ad053324f31b,0,0.3933478504796,0,2418,59.163,59.2,687500,5963686680,406752,null,null
1749194867,2025-06-06T07:27:47.000,0xa160cdab225685da1d56aa342ad8841c3b53f291,0x769c974ca82b1687a4ee6759809079a1118b1a6f14d622f717a87196ae4e9270,0xbdf310821fc90bd9f0aba6f00d290f5b4e631c5f,0x2ee39ff05643bc7cc9ed31b71e142429044a425c,6,0.3936729909986,0x2ee39ff05643bc7cc9ed31b71e142429044a425c,0xd90e2f925da726b50c4ed8d0fb90ad053324f31b,0,99.6063270090014,0,2417,62.807,62.8,687500,6846092223,431800,null,null
1749194867,2025-06-06T07:27:47.000,0xa160cdab225685da1d56aa342ad8841c3b53f291,0x769c974ca82b1687a4ee6759809079a1118b1a6f14d622f717a87196ae4e9270,0xbdf310821fc90bd9f0aba6f00d290f5b4e631c5f,0x2ee39ff05643bc7cc9ed31b71e142429044a425c,6,0.3936729909986,0x2ee39ff05643bc7cc9ed31b71e142429044a425c,0xd90e2f925da726b50c4ed8d0fb90ad053324f31b,0,0.3936729909986,0,2417,62.807,62.8,687500,6846092223,431800,null,null
1749183335,2025-06-06T04:15:35.000,0xa160cdab225685da1d56aa342ad8841c3b53f291,0xb2d409ad4ba24afbbe9e2913e159e391d7f5938302f7219a036c73800230ebaa,0x7a79969a0b9d51d922c4810d2950560360f6f234,0x0000000000000000000000000000000000000000,22,0,0x7a79969a0b9d51d922c4810d2950560360f6f234,0xd90e2f925da726b50c4ed8d0fb90ad053324f31b,0,100,2,3,63.464,63.5,550000,3761178053,349055,3761178053,3000000000
1749183203,2025-06-06T04:13:23.000,0xa160cdab225685da1d56aa342ad8841c3b53f291,0xa7be5e1f5e9f1f01cf6e2170542f042c86d721ef50970db097d6f775bc6669fd,0x7a79969a0b9d51d922c4810d2950560360f6f234,0x0000000000000000000000000000000000000000,22,0,0x7a79969a0b9d51d922c4810d2950560360f6f234,0xd90e2f925da726b50c4ed8d0fb90ad053324f31b,0,100,2,2,63.464,63.5,550000,3848892070,349055,3888552535,3000000000
1749183119,2025-06-06T04:11:59.000,0xa160cdab225685da1d56aa342ad8841c3b53f291,0xff033e1c9f64abed54ae8e274b7ace8b640880d207c22d92c1aa31db351d3a0c,0x7a79969a0b9d51d922c4810d2950560360f6f234,0x0000000000000000000000000000000000000000,22,0,0x7a79969a0b9d51d922c4810d2950560360f6f234,0xd90e2f925da726b50c4ed8d0fb90ad053324f31b,0,100,2,1,63.464,63.5,550000,3920624500,349055,3988832390,3000000000
1749182483,2025-06-06T04:01:23.000,0xa160cdab225685da1d56aa342ad8841c3b53f291,0x36b9bbeee45ddb45dea66f1abd5248f3bb242e90ff574b523f076517e0da0be2,0x7a79969a0b9d51d922c4810d2950560360f6f234,0x0000000000000000000000000000000000000000,22,0,0x7a79969a0b9d51d922c4810d2950560360f6f234,0xd90e2f925da726b50c4ed8d0fb90ad053324f31b,0,100,2,0,63.466,63.5,550000,3847052042,349067,3847052042,3000000000
1749149423,2025-06-05T18:50:23.000,0xa160cdab225685da1d56aa342ad8841c3b53f291,0x4f5f352a021b82cbdf488ba69fbe89be6ec6cfcf039b74cc67207b0a88962a4b,0x25649ae5b7f4c8962e6fbaf4a7612788542aa22c,0xda0b76cc92e94a6f972ed29c104bbe8d73c2f753,2,0.40805078872344996,0x4af043aca08bbe1fa2ac78eb205ea353327aa5ce,0xd90e2f925da726b50c4ed8d0fb90ad053324f31b,0,99.59194921127654,0,516,63.17,63.2,687500,14397334514,434300,null,null
1749149423,2025-06-05T18:50:23.000,0xa160cdab225685da1d56aa342ad8841c3b53f291,0x4f5f352a021b82cbdf488ba69fbe89be6ec6cfcf039b74cc67207b0a88962a4b,0x25649ae5b7f4c8962e6fbaf4a7612788542aa22c,0xda0b76cc92e94a6f972ed29c104bbe8d73c2f753,2,0.40805078872344996,0x4af043aca08bbe1fa2ac78eb205ea353327aa5ce,0xd90e2f925da726b50c4ed8d0fb90ad053324f31b,0,0.40805078872344996,0,516,63.17,63.2,687500,14397334514,434300,null,null
1749149327,2025-06-05T18:48:47.000,0xa160cdab225685da1d56aa342ad8841c3b53f291,0x682453bad83786013c9ff4820212aa7844820ede125d93c5d5de9648d050bce7,0xda0fdd7a86d499f7c2efcb1258a6a85909163fea,0xda0b76cc92e94a6f972ed29c104bbe8d73c2f753,2,0.4085613743501,0x4af043aca08bbe1fa2ac78eb205ea353327aa5ce,0xd90e2f925da726b50c4ed8d0fb90ad053324f31b,0,0.4085613743501,0,515,74.915,74.9,687500,14923444137,515046,null,null
1749149327,2025-06-05T18:48:47.000,0xa160cdab225685da1d56aa342ad8841c3b53f291,0x682453bad83786013c9ff4820212aa7844820ede125d93c5d5de9648d050bce7,0xda0fdd7a86d499f7c2efcb1258a6a85909163fea,0xda0b76cc92e94a6f972ed29c104bbe8d73c2f753,2,0.4085613743501,0x4af043aca08bbe1fa2ac78eb205ea353327aa5ce,0xd90e2f925da726b50c4ed8d0fb90ad053324f31b,0,99.5914386256499,0,515,74.915,74.9,687500,14923444137,515046,null,null
1749125135,2025-06-05T12:05:35.000,0xa160cdab225685da1d56aa342ad8841c3b53f291,0xab9e953dd4528a9b4c35e0d34786f1fde31dda097d8291aa96c069bab9c76bba,0x3a04ce276e6aa53369c9a46051604f224ad31a62,0x0000000000000000000000000000000000000000,2,0,0x3a04ce276e6aa53369c9a46051604f224ad31a62,0xd90e2f925da726b50c4ed8d0fb90ad053324f31b,0,100,2,1,75.225,75.2,463994,4402027336,349043,21511284511,3000000000
1749124391,2025-06-05T11:53:11.000,0xa160cdab225685da1d56aa342ad8841c3b53f291,0x608b4259750f6e079f5adb47d419509bdd7fbf738e0add17a53f823f11f0af22,0x3a04ce276e6aa53369c9a46051604f224ad31a62,0x0000000000000000000000000000000000000000,2,0,0x3a04ce276e6aa53369c9a46051604f224ad31a62,0xd90e2f925da726b50c4ed8d0fb90ad053324f31b,0,100,2,0,75.225,75.2,464042,4233539621,349079,21243738149,3000000000
1749041915,2025-06-04T12:58:35.000,0xa160cdab225685da1d56aa342ad8841c3b53f291,0x5211a9d1beb8dbde15da842cebefc7bb66753c659f2fc8f1e5d5d8bd4f6edec5,0xb8eca32e51a9aa56a8bec9bc4b2b10c4baa20dcc,0x94596b6a626392f5d972d6cc4d929a42c2f0008c,2,0.40330151739995,0x03392600086874456e08d2bac104380bcdebcfc0,0xd90e2f925da726b50c4ed8d0fb90ad053324f31b,0,99.59669848260005,0,1482,63.17,63.2,687500,6142329283,434300,null,null
1749041915,2025-06-04T12:58:35.000,0xa160cdab225685da1d56aa342ad8841c3b53f291,0x5211a9d1beb8dbde15da842cebefc7bb66753c659f2fc8f1e5d5d8bd4f6edec5,0xb8eca32e51a9aa56a8bec9bc4b2b10c4baa20dcc,0x94596b6a626392f5d972d6cc4d929a42c2f0008c,2,0.40330151739995,0x03392600086874456e08d2bac104380bcdebcfc0,0xd90e2f925da726b50c4ed8d0fb90ad053324f31b,0,0.40330151739995,0,1482,63.17,63.2,687500,6142329283,434300,null,null
1749041807,2025-06-04T12:56:47.000,0xa160cdab225685da1d56aa342ad8841c3b53f291,0x142fa7706d9bd44762fb67c352510dfba166010b2f91920340df875b54ea0b98,0x3a72aee720628817f4565d7737d2f520726ab3ba,0x94596b6a626392f5d972d6cc4d929a42c2f0008c,2,0.40357559030510004,0x03392600086874456e08d2bac104380bcdebcfc0,0xd90e2f925da726b50c4ed8d0fb90ad053324f31b,0,99.59642440969489,0,1481,63.172,63.2,687500,6239954194,434312,null,null
1749041807,2025-06-04T12:56:47.000,0xa160cdab225685da1d56aa342ad8841c3b53f291,0x142fa7706d9bd44762fb67c352510dfba166010b2f91920340df875b54ea0b98,0x3a72aee720628817f4565d7737d2f520726ab3ba,0x94596b6a626392f5d972d6cc4d929a42c2f0008c,2,0.40357559030510004,0x03392600086874456e08d2bac104380bcdebcfc0,0xd90e2f925da726b50c4ed8d0fb90ad053324f31b,0,0.40357559030510004,0,1481,63.172,63.2,687500,6239954194,434312,null,null
